1.clock lock works/ハチ ①ニナ	clock lock works	ハチ						293	D2	2026/04/03	ニナ	OK1
2.化孵化/ sasakure.UK　×おはよう→①ひーた	化孵化	sasakure.UK						293	D2	2026/04/03	おはよう	NG	ひーた	OK1
3.てをつないだらさようなら/とあ　スルー	てをつないだらさようなら	とあ						293	D2	2026/04/03		SKIP
4.のぼれ！すすめ！高い塔/きくお　①なすの惑星	のぼれ！すすめ！高い塔	きくお						293	D2	2026/04/03	なすの惑星	OK1
5.ユニバース/夏代孝明　②ニナ	ユニバース	夏代孝明						293	D2	2026/04/03	ニナ	OK2
6.粘着系男子の１５年ネチネチ/家の裏でマンボウが死んでるP　②なすの惑星	粘着系男子の１５年ネチネチ	家の裏でマンボウが死んでるP						293	D2	2026/04/03	なすの惑星	OK2
7.何でも言うことを聞いてくれるアカネチャン/GYARI（ココアシガレットP）③ニナ	何でも言うことを聞いてくれるアカネチャン	GYARI						293	D2	2026/04/03	ニナ	OK3
8.potatoになっていく/Neru　①がお〜	potatoになっていく	Neru						293	D2	2026/04/03	がお〜	OK1
9.六兆年と一夜物語/kemu　④ニナ	六兆年と一夜物語	kemu						293	D2	2026/04/03	ニナ	OK4
10.リコレクションエンドロウル/ツミキ　①水筒	リコレクションエンドロウル	ツミキ						293	D2	2026/04/03	水筒	OK1
11.アンドロイドガール/DECO*27　②ひーた	アンドロイドガール	DECO*27						293	D2	2026/04/03	ひーた	OK2
12.ダヴィンチの告白/ⅥⅥ　③ひーた	ダヴィンチの告白	ⅥⅥ						293	D2	2026/04/03	ひーた	OK3
13.電気予報/稲葉曇 ②がお〜	電気予報	稲葉曇						293	D2	2026/04/03	がお〜	OK2
14.世界寿命と最後の一日/szm ★(1)ニナ	世界寿命と最後の一日	スズム						293	D2	2026/04/03	ニナ	WIN1
15.落下ウサギと寡黙な傍観者の手記/こんにちは谷田さん　スルー	落下ウサギと寡黙な傍観者の手記	こんにちは谷田さん						293	D2	2026/04/03		SKIP
16.Who?/Azari ②水筒	Who?	Azari						293	D2	2026/04/03	水筒	OK2
17.さあ、どっち？/ひなた春花　スルー	さあ、どっち？	ひなた春花						293	D2	2026/04/03		SKIP
18.ラズライト/*Luna　③がお〜	ラズライト	*Luna						293	D2	2026/04/03	がお〜	OK3
19.ダストトレイル/Noz. ③水筒	ダストトレイル	Noz.						293	D2	2026/04/03	水筒	OK3
20.ぼくのかみさま/羽生まゐご　③なすの惑星	ぼくのかみさま	羽生まゐご						293	D2	2026/04/03	なすの惑星	OK3
21.結ンデ開イテ羅刹ト骸/ハチ　①花浅葱	結ンデ開イテ羅刹ト骸	ハチ						293	D2	2026/04/03	花浅葱	OK1
22.なりすましゲンガー/KulfiQ 　④がお〜	なりすましゲンガー	KulfiQ						293	D2	2026/04/03	がお〜	OK4
23.ショパンと氷の白鍵/まふまふ　④なすの惑星	ショパンと氷の白鍵	まふまふ						293	D2	2026/04/03	なすの惑星	OK4
24.ジャンキーナイトタウンオーケストラ/すりぃ　①千夜	ジャンキーナイトタウンオーケストラ	すりぃ						293	D2	2026/04/03	千夜	OK1
25.8月31日/DECO*27　①つばさ	8月31日	DECO*27						293	D2	2026/04/03	つばさ	OK1
26.アッパーチューン/ヤキソバ　×なすの惑星→①しがない炭酸飲料	アッパーチューン	yksb						293	D2	2026/04/03	なすの惑星	NG	しがない炭酸飲料	OK1
27.スリープ・スカイ・ウォーク/ゆうゆ　スルー	スリープ・スカイ・ウォーク	ゆうゆ						293	D2	2026/04/03		SKIP
28.T氏の話を信じるな/ピノキオピー　②千夜	T氏の話を信じるな	ピノキオピー						293	D2	2026/04/03	千夜	OK2
29.ジャガーノート/夏代孝明　④ひーた	ジャガーノート	夏代孝明						293	D2	2026/04/03	ひーた	OK4
30.さよならジャックポット/いよわ 　★(2)がお〜	さよならジャックポット	いよわ						293	D2	2026/04/03	がお〜	WIN2
31.drop/keeno　×しがない炭酸飲料→×花浅葱→スルー	drop	keeno						293	D2	2026/04/03	しがない炭酸飲料	NG	花浅葱	NG		SKIP
32.ヒトリユラリ/kanaria　★(3)なすの惑星	ヒトリユラリ	Kanaria						293	D2	2026/04/03	なすの惑星	WIN3
33.僕をそんな目で見ないで/きくお　④水筒	僕をそんな目で見ないで	きくお						293	D2	2026/04/03	水筒	OK4
34.バビロン/トーマ　★(4)ひーた	バビロン	トーマ						293	D2	2026/04/03	ひーた	WIN4
35.全く身にならないソング/レトルト　②つばさ	全く身にならないソング	レトルト						293	D2	2026/04/03	つばさ	OK2
36.PPPP/TAK　③千夜	PPPP	TAK						293	D2	2026/04/03	千夜	OK3
37.Initial Song/40mP　スルー	Initial Song	40mP						293	D2	2026/04/03		SKIP
38.フロートプレイ/稲葉曇　×千夜→×しがない炭酸飲料→①おはよう	フロートプレイ	稲葉曇						293	D2	2026/04/03	千夜	NG	しがない炭酸飲料	NG	おはよう	OK1
39.おじゃま虫Ⅱ/DECO*27 ②花浅葱	おじゃま虫Ⅱ	DECO*27						293	D2	2026/04/03	花浅葱	OK2
40.黙ってロックをやれって言ってんの！/猫舘 こたつ　③花浅葱	黙ってロックをやれって言ってんの！	猫舘こたつ						293	D2	2026/04/03	花浅葱	OK3
41.サイハテ/小林オニキス 　④千夜	サイハテ	小林オニキス						293	D2	2026/04/03	千夜	OK4
42.独りんぼエンヴィー/koyori(電ポルP)　★(5)千夜	独りんぼエンヴィー	koyori(電ポルP)						293	D2	2026/04/03	千夜	WIN5
43.ロケットサイダー/ナユタン星人　③つばさ	ロケットサイダー	ナユタン星人						293	D2	2026/04/03	つばさ	OK3
44.シンカンセンスゴイカタイアイス/シャノン　④花浅葱	シンカンセンスゴイカタイアイス	シャノン						293	D2	2026/04/03	花浅葱	OK4
45.命に嫌われている。/カンザキイオリ　★(6)水筒	命に嫌われている。	カンザキイオリ						293	D2	2026/04/03	水筒	WIN6
46.SPICE！/流星P　スルー	SPICE！	流星P						293	D2	2026/04/03		SKIP
47.メリュー/n-buna　④つばさ	メリュー	n-buna						293	D2	2026/04/03	つばさ	OK4
48.ST/A#R/*Luna　スルー	ST/A#R	*Luna						293	D2	2026/04/03		SKIP
49.Ｊょなのかマジック/うみゃ　★(7)つばさ	Ｊょなのかマジック	うみゃ						293	D2	2026/04/03	つばさ	WIN7
50.しょってぃん/香椎モイミ　②しがない炭酸飲料	しょってぃん	香椎モイミ						293	D2	2026/04/03	しがない炭酸飲料	OK2
51.ザムザ/てにをは　★(8)花浅葱	ザムザ	てにをは						293	D2	2026/04/03	花浅葱	WIN8
52.Boo!Boo!エトランゼ/きさら　②おはよう	Boo!Boo!エトランゼ	きさら						293	D2	2026/04/03	おはよう	OK2
53.チェリーコークにペパーミント/Ingen　×おはよう	チェリーコークにペパーミント	Ingen						293	D2	2026/04/03	おはよう	NG		SKIP
54.アイボリー/Aqu3ra　スルー	アイボリー	Aqu3ra						293	D2	2026/04/03		SKIP
55.Smile to Smile/市瀬るぽ　スルー	Smile to Smile	市瀬るぽ						293	D2	2026/04/03		SKIP
56.恋色コミック/40mP　スルー	恋色コミック	40mP						293	D2	2026/04/03		SKIP
57.スーパーマーケット☆フィーバー/カルロス袴田　③しがない炭酸飲料	スーパーマーケット☆フィーバー	カルロス袴田(サイゼP)						293	D2	2026/04/03	しがない炭酸飲料	OK3
58.Twig/大沼パセリ　④しがない炭酸飲料	Twig	大沼パセリ						293	D2	2026/04/03	しがない炭酸飲料	OK4
59.magnet/流星P スルー	magnet	流星P						293	D2	2026/04/03		SKIP
60.バグ/かいりきベア　★(9)しがない炭酸飲料	バグ	かいりきベア						293	D2	2026/04/03	しがない炭酸飲料	WIN9
61.デビルじゃないもん/DECO*27・ピノキオピー ③おはよう	デビルじゃないもん	DECO*27	ピノキオピー					293	D2	2026/04/03	おはよう	OK3
62.crack/keeno　スルー	crack	keeno						293	D2	2026/04/03		SKIP
63.ボーナスステージ/ガルナ@オワタP　スルー	ボーナスステージ	オワタP						293	D2	2026/04/03		SKIP
64.世界の真ん中を歩く/夏代孝明　スルー	世界の真ん中を歩く	夏代孝明						293	D2	2026/04/03		SKIP
65.ストリーミングハート/DECO*27　スルー	ストリーミングハート	DECO*27						293	D2	2026/04/03		SKIP
66.異星にいこうね/いよわ　④おはよう	異星にいこうね	いよわ						293	D2	2026/04/03	おはよう	OK4
67.ヘッドフォンアクター/じん スルー	ヘッドフォンアクター	じん						293	D2	2026/04/03		SKIP
68.ダイダイダイダイダイキライ/雨良　★(10)おはよう	ダイダイダイダイダイキライ	雨良						293	D2	2026/04/03	おはよう	WIN10
1.ユクFメイ/YM　・スルー	ユクFメイ	YM						293	C2	2026/04/03		SKIP
2.乳首なぞなぞ/山本　①とある逢瀬	乳首なぞなぞ	山本						293	C2	2026/04/03	とある逢瀬	OK1
3.紡唄 -つむぎうた-/DATEKEN　①きぐな	紡唄 -つむぎうた-	DATEKEN						293	C2	2026/04/03	きぐな	OK1
4.般若心経ポップ/おにゅうP　②とある逢瀬	般若心経ポップ	おにゅうP						293	C2	2026/04/03	とある逢瀬	OK2
5.月光潤色ガール/れるりり　②きぐな	月光潤色ガール	れるりり						293	C2	2026/04/03	きぐな	OK2
6.クレイズィーダンスワールド/ぷす　×Klayn→①タルタル素数	クレイズィーダンスワールド	ぷす						293	C2	2026/04/03	Klayn	NG	タルタル素数	OK1
7.Love Me If You Can/梅とら　③とある逢瀬	Love Me If You Can	梅とら						293	C2	2026/04/03	とある逢瀬	OK3
8.ラストファラオ/じょるじん　③きぐな	ラストファラオ	じょるじん						293	C2	2026/04/03	きぐな	OK3
9.ワーストリグレット/youまん　①くちば	ワーストリグレット	youまん						293	C2	2026/04/03	くちば	OK1
10.Beyond the Sky/hano　×やま→スルー	Beyond the Sky	hano						293	C2	2026/04/03	やま	NG		SKIP
11.アンドロメダエモーション/霧島　・スルー	アンドロメダエモーション	霧島						293	C2	2026/04/03		SKIP
12.放課後革命/Last Note.　④とある逢瀬	放課後革命	Last Note.						293	C2	2026/04/03	とある逢瀬	OK4
13.ラストリゾート/Ayase　①Klayn	ラストリゾート	Ayase						293	C2	2026/04/03	Klayn	OK1
14.シリョクケンサ/40mP　①もち	シリョクケンサ	40mP						293	C2	2026/04/03	尾白もち	OK1
15.サイエンス/MIMI　★(1)とある逢瀬	サイエンス	MIMI						293	C2	2026/04/03	とある逢瀬	WIN1
16.ショコラと隕石/monaca:factory　①そい	ショコラと隕石	monaca:factory						293	C2	2026/04/03	そい	OK1
17.モノクロ∞ブルースカイ-Rising Heart-/のぼる↑　×ぶどくん→①HAN	モノクロ∞ブルースカイ	のぼる↑						293	C2	2026/04/03	ぶどくん	NG	HAN	OK1
18.Feel so good/23.exe　・スルー	Feel so good	23.exe						293	C2	2026/04/03		SKIP
19.太陽と月のロンド/PolyphonicBranch　×きぐな→①ぷーまる	太陽と月のロンド	ぽりふぉ						293	C2	2026/04/03	きぐな	NG	ぷーまる	OK1
20.Crazy ∞ nighT/ひとしずく×やま△　②そい	Crazy ∞ nighT	ひとしずく	やま△					293	C2	2026/04/03	そい	OK2
21.SorrowChat/MIMI　①稲葉快晴	SorrowChat	MIMI						293	C2	2026/04/03	稲葉快晴	OK1
22.ヲズワルド/煮ル果実　②もち	ヲズワルド	煮ル果実						293	C2	2026/04/03	尾白もち	OK2
23.黄昏を生きる/傘村トータ　③もち	黄昏を生きる	傘村トータ						293	C2	2026/04/03	尾白もち	OK3
24.夕染/バルーン　②Klayn	夕染	バルーン						293	C2	2026/04/03	Klayn	OK2
25.アップルドットコム/ピノキオピー　④もち	アップルドットコム	ピノキオピー						293	C2	2026/04/03	尾白もち	OK4
26.エンヴィキャットウォーク/トーマ　③Klayn	エンヴィキャットウォーク	トーマ						293	C2	2026/04/03	Klayn	OK3
27.愛迷エレジー/DECO*27　③そい	愛迷エレジー	DECO*27						293	C2	2026/04/03	そい	OK3
28.ムリポッポ/なみぐる　×タルタル素数→②くちば	ムリポッポ	なみぐる						293	C2	2026/04/03	タルタル素数	NG	くちば	OK2
29.星宙カレイドスコープ/mint*　①ぶどくん	星宙カレイドスコープ	mint*						293	C2	2026/04/03	ぶどくん	OK1
30.ウレイ/カネコユウキ　×タルタル素数→スルー	ウレイ	カネコユウキ						293	C2	2026/04/03	タルタル素数	NG		SKIP
31.青/164　④そい	青	164						293	C2	2026/04/03	そい	OK4
32.死ぬにはいい日だった/ピコン　③くちば	死ぬにはいい日だった	ピコン						293	C2	2026/04/03	くちば	OK3
33.スロウダウナー/ろくろ　★(2)もち	スロウダウナー	ろくろ						293	C2	2026/04/03	尾白もち	WIN2
34.能面島神隠し事件/てにをは　①クスノキ	能面島神隠し事件	てにをは						293	C2	2026/04/03	クスノキ	OK1
35.アナムネーシス/Wa!ter　・スルー	アナムネーシス	Wa!ter						293	C2	2026/04/03		SKIP
36.見つかんない！/柏木カレキ　②タルタル素数	見つかんない！	柏木カレキ						293	C2	2026/04/03	タルタル素数	OK2
37.オーバーコード/いえぬ　④くちば	オーバーコード	いえぬ						293	C2	2026/04/03	くちば	OK4
38.わんわんお にゃんにゃんお/猫虫　×やま→②クスノキ	わんわんお にゃんにゃんお	猫虫						293	C2	2026/04/03	やま	NG	クスノキ	OK2
39.BLUE BACK/じん　③タルタル素数	BLUE BACK	じん						293	C2	2026/04/03	タルタル素数	OK3
40.Encounter/Orangestar　④Klayn	Encounter	Orangestar						293	C2	2026/04/03	Klayn	OK4
41.StargazeR/骨盤P　③クスノキ	StargazeR	骨盤P						293	C2	2026/04/03	クスノキ	OK3
42.Change me/shu-t　×そい→×ぷーまる→④クスノキ	Change me	shu-t						293	C2	2026/04/03	そい	NG	ぷーまる	NG	クスノキ	OK4
43.ぼくらのディメンション/カルロス袴田　×くちば→①りつりつ	ぼくらのディメンション	カルロス袴田(サイゼP)						293	C2	2026/04/03	くちば	NG	りつりつ	OK1
44.ヤミタイガール/れるりり　④きぐな	ヤミタイガール	れるりり						293	C2	2026/04/03	きぐな	OK4
45.ミラーリング/バルーン　★(3)きぐな	ミラーリング	バルーン						293	C2	2026/04/03	きぐな	WIN3
46.Just！/emon(Tes.)　・スルー	Just！	emon(Tes.)						293	C2	2026/04/03		SKIP
47.面白おかしく生きて申し訳ない。/青谷　・スルー	面白おかしく生きて申し訳ない。	青谷						293	C2	2026/04/03		SKIP
48.Chloe/seleP　★(4)クスノキ	Chloe	seleP						293	C2	2026/04/03	クスノキ	WIN4
49.とおせんぼ/wowaka　★(5)くちば	とおせんぼ	wowaka						293	C2	2026/04/03	くちば	WIN5
50.神様はエレキ守銭奴/家の裏でマンボウが死んでるP　★(6)そい	神様はエレキ守銭奴	家の裏でマンボウが死んでるP						293	C2	2026/04/03	そい	WIN6
51.hanauta/ピノキオピー　①やま	ハナウタ	ピノキオピー						293	C2	2026/04/03	やま	OK1
52.しう/MARETU　②稲葉快晴	しう	MARETU						293	C2	2026/04/03	稲葉快晴	OK2
53.Junky Lovers/神谷まう　・スルー	Junky Lovers	神谷まう						293	C2	2026/04/03		SKIP
54.発光体のルーディ/ぶっちぎりP　②HAN	発光体のルーディ	ぶっちぎりP						293	C2	2026/04/03	HAN	OK2
55.サイバーサンダーサイダー/EZFG　★(7)Klayn	サイバーサンダーサイダー	EZFG						293	C2	2026/04/03	Klayn	WIN7
56.erase or zero/クリスタルP　②ぷーまる	erase or zero	クリスタルP						293	C2	2026/04/03	ぷーまる	OK2
57.梅雨明けの/ぷす　×ぷーまる→②ぶどくん	梅雨明けの	ぷす						293	C2	2026/04/03	ぷーまる	NG	ぶどくん	OK2
58.地獄ポップス/鬱P　①ぴーなっつ	地獄ポップス	鬱P						293	C2	2026/04/03	ぴーなっつ	OK1
59.ココロカラ/monaca:factory　・スルー	ココロカラ	monaca:factory						293	C2	2026/04/03		SKIP
60.愛×愛ホイッスル/PolyphonicBranch　①あいおい	愛×愛ホイッスル	ぽりふぉ						293	C2	2026/04/03	あいおい	OK1
61.パスカルビーツ/稲葉曇　③ぶどくん	パスカルビーツ	稲葉曇						293	C2	2026/04/03	ぶどくん	OK3
62.二次元ドリームフィーバー/PolyphonicBranch　③ぷーまる	二次元ドリームフィーバー	ぽりふぉ						293	C2	2026/04/03	ぷーまる	OK3
63.リアリティーのダンス/ATOLS　④ぶどくん	リアリティーのダンス	ATOLS						293	C2	2026/04/03	ぶどくん	OK4
64.イガク/原口沙輔　④タルタル素数	イガク	原口沙輔						293	C2	2026/04/03	タルタル素数	OK4
65.全く身にならないソング/露吐　×タルタル素数→②やま	全く身にならないソング	露吐						293	C2	2026/04/03	タルタル素数	NG	やま	OK2
66.QUEEN/Kanaria　②あいおい	QUEEN	Kanaria						293	C2	2026/04/03	あいおい	OK2
67.Blessing/halyosy　②りつりつ	Blessing	halyosy						293	C2	2026/04/03	りつりつ	OK2
68.ビームが撃てたらいいのに/粗品　③稲葉快晴	ビームが撃てたらいいのに	粗品						293	C2	2026/04/03	稲葉快晴	OK3
69.ミライ/有機酸　③あいおい	ミライ	有機酸						293	C2	2026/04/03	あいおい	OK3
70.てらてら/和田たけあき　④あいおい	てらてら	和田たけあき						293	C2	2026/04/03	あいおい	OK4
71.セパレイト/ポリスピカデリー　×あいおい→★(8)タルタル素数	セパレイト	ポリスピカデリー						293	C2	2026/04/03	あいおい	NG	タルタル素数	WIN8
72.ペダルハート/DECO*27　×ぷーまる→③HAN	ペダルハート	DECO*27						293	C2	2026/04/03	ぷーまる	NG	HAN	OK3
73.夕闇ノ殺メ唄/キラ星ひかる　④HAN	夕闇ノ殺メ唄	キラ星ひかる						293	C2	2026/04/03	HAN	OK4
74.パンツ脱げるもん！/ちょむP　★(9)HAN	パンツ脱げるもん！	ちょむP						293	C2	2026/04/03	HAN	WIN9
75.運命決定論/40mP　・スルー	運命決定論	40mP						293	C2	2026/04/03		SKIP
76.ディストレス/ユギカ　・スルー	ディストレス	ユギカ						293	C2	2026/04/03		SKIP
77.修道少女と偶像少女/cosMo＠暴走P　・スルー	修道少女と偶像少女	cosMo@暴走P						293	C2	2026/04/03		SKIP
78.ここが天国に違いない！/Gyr0　・スルー	ここが天国に違いない！	Gyr0						293	C2	2026/04/03		SKIP
79.THE WORLDS/FB777　②ぴーなっつ	THE WORLDS	FB777						293	C2	2026/04/03	ぴーなっつ	OK2
80.神のまにまに/れるりり　③りつりつ	神のまにまに	れるりり						293	C2	2026/04/03	りつりつ	OK3
81.お気に召すまま/Eve　×あいおい→④ぷーまる	お気に召すまま	Eve						293	C2	2026/04/03	あいおい	NG	ぷーまる	OK4
82.フレンドリィファイア/OSTER project　×ぴーなっつ→スルー	フレンドリィファイア	OSTER project						293	C2	2026/04/03	ぴーなっつ	NG		SKIP
83.リンカーネイション/kemu　③やま	リンカーネイション	kemu						293	C2	2026/04/03	やま	OK3
84.アリス/ATOLS　・スルー	アリス	ATOLS						293	C2	2026/04/03		SKIP
85.クリエイトがある/いよわ　★(10)ぶどくん	クリエイトがある	いよわ						293	C2	2026/04/03	ぶどくん	WIN10
86.ゴー・トゥ・大都会/月裏×ニャン・トンロン　★(11)あいおい	ゴー・トゥ・大都会	月裏	ニャン・トンロン					293	C2	2026/04/03	あいおい	WIN11
87.パケットヒーロー/MARETU　④稲葉快晴	パケットヒーロー	MARETU						293	C2	2026/04/03	稲葉快晴	OK4
88.レッド・パージ！！！/P.I.N.A.　★(12)ぷーまる	レッド・パージ！！！	P.I.N.A.						293	C2	2026/04/03	ぷーまる	WIN12
89.ステラ/じん　④りつりつ	ステラ	じん						293	C2	2026/04/03	りつりつ	OK4
90.About me/蝶々P　④やま	About me	蝶々P						293	C2	2026/04/03	やま	OK4
91.縄文炸裂ガール/れるりり　×ぴーなっつ→×りつりつ→★(13)やま	縄文炸裂ガール	れるりり						293	C2	2026/04/03	ぴーなっつ	NG	りつりつ	NG	やま	WIN13
92.性格悪くてすみません。/青谷　・スルー	性格悪くてすみません。	青谷						293	C2	2026/04/03		SKIP
93.ニア/夏代孝明　★(14)稲葉快晴	ニア	夏代孝明						293	C2	2026/04/03	稲葉快晴	WIN14
94.爆笑/syudou　③ぴーなっつ	爆笑	syudou						293	C2	2026/04/03	ぴーなっつ	OK3
95.神曲/おにゅうP　×ぴーなっつ→スルー	神曲	おにゅうP						293	C2	2026/04/03	ぴーなっつ	NG		SKIP
96.デスクトップ・シンデレラ/八王子P　★(15)りつりつ	デスクトップ・シンデレラ	八王子P						293	C2	2026/04/03	りつりつ	WIN15
97.あとのまつり/Peg　・スルー	あとのまつり	Peg						293	C2	2026/04/03		SKIP
98.きみも悪い人でよかった/ピノキオピー　×ぴーなっつ→スルー	きみも悪い人でよかった	ピノキオピー						293	C2	2026/04/03	ぴーなっつ	NG		SKIP
99.カメレオン/すりぃ　④ぴーなっつ	カメレオン	すりぃ						293	C2	2026/04/03	ぴーなっつ	OK4
100.HAPPY SHAPE/蜂屋ななし　★(16)ぴーなっつ	HAPPY SHAPE	栗山夕璃(蜂屋ななし)						293	C2	2026/04/03	ぴーなっつ	WIN16
01.Bitter Majesty/八王子P　×まつせ→×最強の私→スルー	Bitter Majesty	八王子P						293	B	2026/04/03	まつせ	NG	最強の私	NG		SKIP
02.パジャミイ/いよわ　①グルーガン	パジャミィ	いよわ						293	B	2026/04/03	グルーガン	OK1
03.RUMBLE/無色透名祭3　×まつせ→①わいえい	RUMBLE	無色透名祭公式						293	B	2026/04/03	まつせ	NG	わいえい	OK1
04.石碑のうた/仕事してP　②グルーガン	石碑のうた	仕事してP						293	B	2026/04/03	グルーガン	OK2
05.化けの花束/ロテ　×かなくり→①とちこ	化けの花束	ロテ						293	B	2026/04/03	かなくり	NG	とちこ	OK1
06.アイノヨロコビ/takamatt　①まつせ	アイノヨロコビ	takamatt						293	B	2026/04/03	まつせ	OK1
07.さよならワンダーノイズ/n-buna　①がんこー	さよならワンダーノイズ	n-buna						293	B	2026/04/03	がんこー	OK1
08.スーパーノヴァ/r-906　①Cumber	スーパーノヴァ	r-906						293	B	2026/04/03	Cumber	OK1
09.檻ごっこ/無色透名祭3　②わいえい	檻ごっこ	無色透名祭公式						293	B	2026/04/03	わいえい	OK2
10.鏡音八八花合戦/melou　①ねむ	鏡音八八花合戦	モジャP						293	B	2026/04/03	眠くない人	OK1
11.平和の鐘/リアルアキバボーイズ　②とちこ	平和の鐘	リアルアキバボーイズ						293	B	2026/04/03	とちこ	OK2
12.わたしはねこ/daniwell　・スルー	わたしはねこ	daniwell						293	B	2026/04/03		SKIP
13.transient star/He:PokoP　×Cumber→×よかずき→×Takuan→×なごん→×わいえい→×いくま→スルー	transient star	He:PokoP						293	B	2026/04/03	Cumber	NG	よかずき	NG	Takuan	NG	なごん	NG	わいえい	NG	八神猪熊	NG		SKIP
14.Snow Fairy Story/40mP　①最強の私	Snow Fairy Story	40mP						293	B	2026/04/03	最強の私	OK1
15.狼煙/john　×Cumber→×ねむ→①かなくり	狼煙	john						293	B	2026/04/03	Cumber	NG	眠くない人	NG	かなくり	OK1
16.目撃！テト31世/はろける　①よかずき	目撃！テト31世	はろける						293	B	2026/04/03	よかずき	OK1
17.睡蓮の街/ドッシー　②まつせ	睡蓮の街	ドッシー						293	B	2026/04/03	まつせ	OK2
18.星のとなりの空け者〜彦星〜/家の裏でマンボウが死んでるP　×Moai→③まつせ	星のとなりの空け者　〜彦星〜	家の裏でマンボウが死んでるP						293	B	2026/04/03	Moai太郎	NG	まつせ	OK3
19.黄金数/いよわ　③わいえい	黄金数	いよわ						293	B	2026/04/03	わいえい	OK3
20.Smile again/40mP　②ねむ	Smile again	40mP						293	B	2026/04/03	眠くない人	OK2
21.魔法少女幸福論/トーマ　③ねむ	魔法少女幸福論	トーマ						293	B	2026/04/03	眠くない人	OK3
22.さよならのかわりに/レフティーモンスターP　×かなくり→①なごん	さよならのかわりに	レフティーモンスター						293	B	2026/04/03	かなくり	NG	なごん	OK1
23.メリーバッドエンド/まふまふ　④ねむ	メリーバッドエンド	まふまふ						293	B	2026/04/03	眠くない人	OK4
24.ヨヒラ/n-buna　②最強の私	ヨヒラ	n-buna						293	B	2026/04/03	最強の私	OK2
25.Rebuild!/Reno　×Cumber→×いくま→③とちこ	Rebuild!	Reno						293	B	2026/04/03	Cumber	NG	八神猪熊	NG	とちこ	OK3
26.Secret Sleuth/蜂屋ななし　★(1)ねむ	Secret Sleuth	栗山夕璃(蜂屋ななし)						293	B	2026/04/03	眠くない人	WIN1
27.狐の少女と鈴の音/Acerola　×グルーガン→×がんこー→×なごん→スルー	狐の少女と鈴の音	Acerola						293	B	2026/04/03	グルーガン	NG	がんこー	NG	なごん	NG		SKIP
28.Pale/MIMI　×最強の私→④とちこ	Pale	MIMI						293	B	2026/04/03	最強の私	NG	とちこ	OK4
29.アタマモミ/はるまきごはん　②Cumber	アタマモミ	はるまきごはん						293	B	2026/04/03	Cumber	OK2
30.さよならだけが人生だ/伊東歌詞太郎　×がんこー→③Cumber	さよならだけが人生だ	伊東歌詞太郎						293	B	2026/04/03	がんこー	NG	Cumber	OK3
31.メインキャラクター/*Luna　④わいえい	メインキャラクター	*Luna						293	B	2026/04/03	わいえい	OK4
32.ラストサイレンス/メレル　×なごん→④Cumber	ラストサイレンス	メレル						293	B	2026/04/03	なごん	NG	Cumber	OK4
33.嗚呼、素晴らしきニャン生/Nem　②がんこー	嗚呼、素晴らしきニャン生	Nem						293	B	2026/04/03	がんこー	OK2
34.蜘蛛糸モノポリー/sasakure.UK　③グルーガン	蜘蛛糸モノポリー	sasakure.UK						293	B	2026/04/03	グルーガン	OK3
35.天国を食べた/霧島　④まつせ	天国を食べた	霧島						293	B	2026/04/03	まつせ	OK4
36.マイラスト/ねこぼーろ　①いくま	マイラスト	ササノマリイ						293	B	2026/04/03	八神猪熊	OK1
37.お茶ガール/清水コウ　②かなくり	お茶ガール	清水コウ						293	B	2026/04/03	かなくり	OK2
38.孤独の宗教/syudou　③最強の私	孤独の宗教	syudou						293	B	2026/04/03	最強の私	OK3
39.39/sasakure.UK×DECO*27　★(2)わいえい	39	sasakure.UK	DECO*27					293	B	2026/04/03	わいえい	WIN2
40.惡手/ユリイ・カノン　①Moai	惡手	ユリイ・カノン						293	B	2026/04/03	Moai太郎	OK1
41.tougenkyo/daraku　×最強の私→★(3)まつせ	tougenkyo	DARAKU						293	B	2026/04/03	最強の私	NG	まつせ	WIN3
42.ラストラブレター/黒田亜津　②なごん	ラストラブレター	黒田亜津						293	B	2026/04/03	なごん	OK2
43.ツイッターのリプライで来た歌詞だけで曲を作ってみた２/YM　×かなくり→★(4)Cumber	ツイッターのリプライで来た歌詞だけで曲を作ってみた２	YM						293	B	2026/04/03	かなくり	NG	Cumber	WIN4
44.レイニーレイニー/ナナホシ管弦楽団　①クロ	レイニーレイニー	ナナホシ管弦楽団						293	B	2026/04/03	クロ	OK1
45.風に消える/こめだわら　②Moai	風に消える	こめだわら						293	B	2026/04/03	Moai太郎	OK2
46.きっと僕らは春を迎えに/傘村トータ　③がんこー	きっと僕らは春を迎えに	傘村トータ						293	B	2026/04/03	がんこー	OK3
47.世界の中心で中指を立てた馬鹿者/ショミ　④グルーガン	世界の中心で中指を立てた馬鹿者	ショミ						293	B	2026/04/03	グルーガン	OK4
48.ラストエフェクト/Last Note.　③かなくり	ラストエフェクト	Last Note.						293	B	2026/04/03	かなくり	OK3
49.はらぺこのルベル/電ポルP　×グルーガン→①Takuan	はらぺこのルベル	koyori(電ポルP)						293	B	2026/04/03	グルーガン	NG	Takuan	OK1
50.ファウスト/Misumi　④最強の私	ファウスト	Misumi						293	B	2026/04/03	最強の私	OK4
51.匙ノ咒/r-906　★(5)とちこ	匙ノ咒	r-906						293	B	2026/04/03	とちこ	WIN5
52.最初のクリスマス/狐夢想　×クロ→スルー	最初のクリスマス	狐夢想						293	B	2026/04/03	クロ	NG		SKIP
53.NEO/じん　②よかずき	NEO	じん						293	B	2026/04/03	よかずき	OK2
54.ロストワンの号哭/Neru　④がんこー	ロストワンの号哭	Neru						293	B	2026/04/03	がんこー	OK4
55.人形と左目/デッドボールP　×Moai→②クロ	人形と左目	デッドボールP						293	B	2026/04/03	Moai太郎	NG	クロ	OK2
56.東京アクアリウム/わか　・スルー	東京アクアリウム	わか						293	B	2026/04/03		SKIP
57.Still Alive In Love/FALL　★(6)グルーガン	Still Alive In Love	FALL						293	B	2026/04/03	グルーガン	WIN6
58.ダーティダティ/⌘ハイノミ　×がんこー→③よかずき	ダーティダティ	⌘ハイノミ						293	B	2026/04/03	がんこー	NG	よかずき	OK3
59.アンチビート/DECO*27　①ワヲンルリヤ	アンチビート	DECO*27						293	B	2026/04/03	ワヲンルリヤ	OK1
60.水曜日を休みにして/EO　×いくま→④よかずき	水曜日を休みにして	EO						293	B	2026/04/03	八神猪熊	NG	よかずき	OK4
61.isomers/Ç¢Çª　④かなくり	isomers	Ç¢Çª						293	B	2026/04/03	かなくり	OK4
62.ウール・テレパシー/ユジー×とあ　・スルー	ウール•テレパシー	ユジー	とあ					293	B	2026/04/03		SKIP
63.SISTERS/john　②Takuan	SISTERS	john						293	B	2026/04/03	Takuan	OK2
64.ゼロトーキング/はるまきごはん　×よかずき→★(7)最強の私	ゼロトーキング	はるまきごはん						293	B	2026/04/03	よかずき	NG	最強の私	WIN7
65.雨き声残響/Orangestar　③Takuan	雨き声残響	Orangestar						293	B	2026/04/03	Takuan	OK3
66.感傷マゾヒスト/暴走P　④Takuan	感傷マゾヒスト	cosMo@暴走P						293	B	2026/04/03	Takuan	OK4
67.モミアゲヲシャカアゲヲ/ぬぬぬぬぬぬぬぬぬぬぬぬぬぬぬぬ　×Takuan→×よかずき→③Moai	モ　ミ　ア　ゲ　ヲ　シ　ャ　カ　ア　ゲ　ヲ	ぬぬぬぬぬぬぬぬぬぬぬぬぬぬぬぬ						293	B	2026/04/03	Takuan	NG	よかずき	NG	Moai太郎	OK3
68.Party Junkie/さつき が てんこもり　②ワヲンルリヤ	Party Junkie	さつき が てんこもり						293	B	2026/04/03	ワヲンルリヤ	OK2
69.＊ハロー、プラネット。/sasakure.UK　②いくま	＊ハロー、プラネット。	sasakure.UK						293	B	2026/04/03	八神猪熊	OK2
70.CatDog/とうかさ　・スルー	CatDog	とうかさ						293	B	2026/04/03		SKIP
71.懺悔参り/羽生まゐご　★(8)Takuan	懺悔参り	羽生まゐご						293	B	2026/04/03	Takuan	WIN8
72.解けて、アンビバレンス/卯花ロク　×がんこー→×なごん→スルー	解けて、アンビバレンス	卯花ロク						293	B	2026/04/03	がんこー	NG	なごん	NG		SKIP
73.テトヨガ/OSTER project　★(9)かなくり	テトヨガ	OSTER project						293	B	2026/04/03	かなくり	WIN9
74.T氏の話を信じるな/ピノキオピー　★(10)よかずき	T氏の話を信じるな	ピノキオピー						293	B	2026/04/03	よかずき	WIN10
75.夢喰い白黒バク/Nem　④Moai	夢喰い白黒バク	Nem						293	B	2026/04/03	Moai太郎	OK4
76.キャラメルヘヴン/Last Note.　③クロ	キャラメルヘヴン	Last Note.						293	B	2026/04/03	クロ	OK3
77.女子中学生、禁断の事情/SLAVE.V-V-R　★(11)Moai	女子中学生、禁断の事情	SLAVE.V-V-R						293	B	2026/04/03	Moai太郎	WIN11
78.chaosmaid/paraoka　④クロ	chaosmaid	paraoka						293	B	2026/04/03	クロ	OK4
79.クラブ＝マジェスティ/nyanyannya　×ワヲンルリヤ→③いくま	クラブ＝マジェスティ	nyanyannya						293	B	2026/04/03	ワヲンルリヤ	NG	八神猪熊	OK3
80.インフェリオリティー/john　・スルー	インフェリオリティー	john						293	B	2026/04/03		SKIP
81.いえない/ひらぎ　・スルー	いえない	ひらぎ						293	B	2026/04/03		SKIP
82.Souvenir/フェイP　★(12)クロ	Souvenir	フェイP						293	B	2026/04/03	クロ	WIN12
83.シテ/ユリイ・カノン　・スルー	シテ	ユリイ・カノン						293	B	2026/04/03		SKIP
84.ゴーストストレイト/KTKT　④いくま	ゴーストストレイト	KTKT						293	B	2026/04/03	八神猪熊	OK4
85.超深淵帯/稲葉曇　・スルー	超深淵帯	稲葉曇						293	B	2026/04/03		SKIP
85.物をぱらぱら壊す/きくお　★(13)いくま	物をぱらぱら壊す	きくお						293	B	2026/04/03	八神猪熊	WIN13
86.酔いどれ知らず/Kanaria　③ワヲンルリヤ	酔いどれ知らず	Kanaria						293	B	2026/04/03	ワヲンルリヤ	OK3
87.Room 206/ジミーサムP　・スルー	Room 206	ジミーサムP						293	B	2026/04/03		SKIP
88.ダヴィンチの告白/666　・スルー	ダヴィンチの告白	ⅥⅥ						293	B	2026/04/03		SKIP
89.他人事の音がする/あめのむらくもP　・スルー	他人事の音がする	あめのむらくもP						293	B	2026/04/03		SKIP
90.セルハーム/無色透名祭3　・スルー	セルハーム	無色透名祭公式						293	B	2026/04/03		SKIP
91.マジカルドクター/MARETU　④ワヲンルリヤ	マジカルドクター	MARETU						293	B	2026/04/03	ワヲンルリヤ	OK4
92.Call of Justice/ダルビッシュP　★(14)ワヲンルリヤ	Call of Justice	ダルビッシュP						293	B	2026/04/03	ワヲンルリヤ	WIN14
1.ロウワー/ぬゆり　①きょうぼく	ロウワー	ぬゆり						293	D1	2026/04/04	きょうぼく	OK1
2.白ゆき/n-buna　①すとくら	白ゆき	n-buna						293	D1	2026/04/04	すとくら	OK1
3.だってだってだって/タカノン　・スルー	だってだってだって	タカノン						293	D1	2026/04/04		SKIP
4.DE-Pression/ぬゆり　・スルー	DE-Pression	ぬゆり						293	D1	2026/04/04		SKIP
5.アセロラ/西沢さんP　×あさぼらけ→・スルー	アセロラ	TOKOTOKO（西沢さんP）						293	D1	2026/04/04	あさぼらけ	NG		SKIP
6.AIDANA!!!!/きさら　①ぽしゃぽしゃ	AIDANA!!!!	きさら						293	D1	2026/04/04	ぽしゃぽしゃ	OK1
7.UNFADING/MIMI　×上海スベスベ→×間宵→・スルー	UNFADING	MIMI						293	D1	2026/04/04	上海スベスベ	NG	間宵	NG		SKIP
8.Believe in Bravery/ANGL　・スルー	Believe in Bravery	ANGL						293	D1	2026/04/04		SKIP
9.さようなら、花泥棒さん/メル　①上海スベスベ	さようなら、花泥棒さん	メル						293	D1	2026/04/04	上海スベスベ	OK1
10.流星&Gradation/やいり　・スルー	流星&Gradation	やいり						293	D1	2026/04/04		SKIP
11.有頂天ビバーチェ/Last Note．　②きょうぼく	有頂天ビバーチェ	Last Note.						293	D1	2026/04/04	きょうぼく	OK2
12.letter song/doriko　①あご星人	letter song	doriko						293	D1	2026/04/04	あご星人	OK1
13.ずんだシェイキング/なみぐる　①間宵	ずんだシェイキング	なみぐる						293	D1	2026/04/04	間宵	OK1
14.White Letter/GonGoss　・スルー	White Letter	GonGoss						293	D1	2026/04/04		SKIP
15.アンテナ39/柊マグネタイト　②ぽしゃぽしゃ	アンテナ39	柊マグネタイト						293	D1	2026/04/04	ぽしゃぽしゃ	OK2
16.高音厨音域テスト/木村わいP　②すとくら	高音厨音域テスト	木村わいP						293	D1	2026/04/04	すとくら	OK2
17.廃墟の国のアリス/まふまふ　③ぽしゃぽしゃ	廃墟の国のアリス	まふまふ						293	D1	2026/04/04	ぽしゃぽしゃ	OK3
18.Bad ∞ End ∞ Night/ひとしずく×やま△　③きょうぼく	Bad ∞ End ∞ Night	ひとしずく	やま△					293	D1	2026/04/04	きょうぼく	OK3
19.灰に潜れ/ねじ式　×ぽしゃぽしゃ→・スルー	灰に潜れ	ねじ式						293	D1	2026/04/04	ぽしゃぽしゃ	NG		SKIP
20.未完成讃歌/しゃいと　①たいこさん	未完成讃歌	しゃいと						293	D1	2026/04/04	たいこさん	OK1
21.ダブルラリアット/アゴアニキ　①F4	ダブルラリアット	アゴアニキ						293	D1	2026/04/04	F4	OK1
22.うわがき/いよわ　②たいこさん	うわがき	いよわ						293	D1	2026/04/04	たいこさん	OK2
23.何でも言うことを聞いてくれるアカネチャン/GYARI　②F4	何でも言うことを聞いてくれるアカネチャン	GYARI						293	D1	2026/04/04	F4	OK2
24.野狗子/Peg　・スルー	野狗子	Peg						293	D1	2026/04/04		SKIP
25.Hatsune/1640mP　②あご星人	Hatsune	164	40mP					293	D1	2026/04/04	あご星人	OK2
26.そこに命はありますか。/DIVELA　④きょうぼく	そこに命はありますか。	DIVELA						293	D1	2026/04/04	きょうぼく	OK4
27.ヴィクター/めいちゃん　×F4→・スルー	ヴィクター	めいちゃん						293	D1	2026/04/04	F4	NG		SKIP
28.レイ/picdo　③たいこさん	レイ	picdo						293	D1	2026/04/04	たいこさん	OK3
29.天ノ弱/164　③F4	天ノ弱	164						293	D1	2026/04/04	F4	OK3
30.残響/164　④ぽしゃぽしゃ	残響	164						293	D1	2026/04/04	ぽしゃぽしゃ	OK4
31.初音ミクの証言/松傘　・スルー	初音ミクの証言	松傘						293	D1	2026/04/04		SKIP
32.ダイアグラム/あばらや　×すとくら→×上海スベスベ→・スルー	ダイアグラム	あばらや						293	D1	2026/04/04	すとくら	NG	上海スベスベ	NG		SKIP
33.Mr.Music/れるりり　④F4	Mr.Music	れるりり						293	D1	2026/04/04	F4	OK4
34.浮気者エンドロール/亜沙　・スルー	浮気者エンドロール	亜沙						293	D1	2026/04/04		SKIP
35.ナキムシヒーロー/ハヤブサ　・スルー	ナキムシヒーロー	ハヤブサ						293	D1	2026/04/04		SKIP
36.わがままマイウェイ!!/マサキりたんP　★(1)F4	わがままマイウェイ!!	マサキりたんP						293	D1	2026/04/04	F4	WIN1
37.出来心/ポリスピカデリー　・スルー	出来心	ポリスピカデリー						293	D1	2026/04/04		SKIP
38.まだ知らない君がいる！/椎乃味醂　③すとくら	まだ知らない君がいる！	椎乃味醂						293	D1	2026/04/04	すとくら	OK3
39.クワバラクワバラ/いちた　・スルー	クワバラクワバラ	いちた						293	D1	2026/04/04		SKIP
40.乙女解剖/DECO*27　★(2)きょうぼく	乙女解剖	DECO*27						293	D1	2026/04/04	きょうぼく	WIN2
41.LOVELESS×××/natsuP　・スルー	LOVELESS×××	natsuP						293	D1	2026/04/04		SKIP
42.フリソデ/Chinozo　×すとくら→①あさぼらけ	フリソデ	Chinozo						293	D1	2026/04/04	すとくら	NG	あさぼらけ	OK1
43.消えた夏の夢/*Luna　・スルー	消えた夏の夢	*Luna						293	D1	2026/04/04		SKIP
44.イフ/ユリイ・カノン　★(3)ぽしゃぽしゃ	イフ	ユリイ・カノン						293	D1	2026/04/04	ぽしゃぽしゃ	WIN3
45.i世界/shikido　×間宵→・スルー	i世界	shikido						293	D1	2026/04/04	間宵	NG		SKIP
46.FLASH BACK/梅とら　・スルー	FLASH BACK	梅とら						293	D1	2026/04/04		SKIP
47.晴天を穿つ/傘村トータ　③あご星人	晴天を穿つ	傘村トータ						293	D1	2026/04/04	あご星人	OK3
48.STEP TO YOU/40mP　・スルー	STEP TO YOU	40mP						293	D1	2026/04/04		SKIP
49.ぎゅって/MIMI　②間宵	ぎゅって	MIMI						293	D1	2026/04/04	間宵	OK2
50.空想少女への恋手紙/まらしぃ　・スルー	空想少女への恋手紙	まらしぃ						293	D1	2026/04/04		SKIP
51.トゥー・ユー・グリーンライツ/Omoi　②上海スベスベ	トゥー・ユー・グリーンライツ	Omoi						293	D1	2026/04/04	上海スベスベ	OK2
52.ワーニングタイム/youまん　④あご星人	ワーニングタイム	youまん						293	D1	2026/04/04	あご星人	OK4
53.WASSHOI〜俺達の考える最強の祭ソング〜/八王子P　・スルー	WASSHOI〜俺達の考える最強の祭ソング〜	八王子P						293	D1	2026/04/04		SKIP
54.超主人公/ピノキオピー　②あさぼらけ	超主人公	ピノキオピー						293	D1	2026/04/04	あさぼらけ	OK2
55.フリィダム ロリィタ/ねじ式　×すとくら→③間宵	フリィダム ロリィタ	ねじ式						293	D1	2026/04/04	すとくら	NG	間宵	OK3
56.アカツキアライヴァル/Last Note．　★(4)あご星人	アカツキアライヴァル	Last Note.						293	D1	2026/04/04	あご星人	WIN4
57.Ｊょなのかマジック/うみゃ　・スルー	Ｊょなのかマジック	うみゃ						293	D1	2026/04/04		SKIP
58.No Logic/ジミーサムP　×間宵→・スルー	No Logic	ジミーサムP						293	D1	2026/04/04	間宵	NG		SKIP
59.右肩の蝶/のりP　③あさぼらけ	右肩の蝶	のりぴー						293	D1	2026/04/04	あさぼらけ	OK3
60.メグメグ☆ファイアーエンドレスナイト/samfree　×すとくら→③上海スベスベ	メグメグ☆ファイアーエンドレスナイト	samfree						293	D1	2026/04/04	すとくら	NG	上海スベスベ	OK3
61.パペットダンス/Noz.　④上海スベスベ	パペットダンス	Noz.						293	D1	2026/04/04	上海スベスベ	OK4
62.Catchy !?/r-906　④たいこさん	Catchy !?	r-906						293	D1	2026/04/04	たいこさん	OK4
63.ノイローゼ/蜂屋ななし　★(5)上海スベスベ	ノイローゼ	栗山夕璃(蜂屋ななし)						293	D1	2026/04/04	上海スベスベ	WIN5
64.骸Attack!!/鬱P　・スルー	骸Attack!!	鬱P						293	D1	2026/04/04		SKIP
65.踊ル猫曰ク/まらしぃ　④あさぼらけ	踊ル猫曰ク	まらしぃ						293	D1	2026/04/04	あさぼらけ	OK4
66.SNOBBISM/Neru　④すとくら	SNOBBISM	Neru						293	D1	2026/04/04	すとくら	OK4
67.Convenient Singer/ワカバ　・スルー	Convenient Singer	ワカバ						293	D1	2026/04/04		SKIP
68.へたくそユートピア政策/スズム　・スルー	へたくそユートピア政策	スズム						293	D1	2026/04/04		SKIP
69.アヤカシ/buzzG　・スルー	アヤカシ	buzzG						293	D1	2026/04/04		SKIP
70.アドレサンス/シグナルP　★(6)すとくら	アドレサンス	シグナルP						293	D1	2026/04/04	すとくら	WIN6
71.Someday'z Coming/書店太郎　・スルー	Someday'z Coming	書店太郎						293	D1	2026/04/04		SKIP
72.end tree/164　・スルー	end tree	164						293	D1	2026/04/04		SKIP
73.聖槍爆裂ボーイ/れるりり　★(7)あさぼらけ	聖槍爆裂ボーイ	れるりり						293	D1	2026/04/04	あさぼらけ	WIN7
74.巫/柊マグネタイト　・スルー	巫	柊マグネタイト						293	D1	2026/04/04		SKIP
75.バカ通信/のすけ　★(8)たいこさん	バカ通信	のすけ						293	D1	2026/04/04	たいこさん	WIN8
76.メリュー/n-buna　④間宵	メリュー	n-buna						293	D1	2026/04/04	間宵	OK4
77.レトロマニア狂想曲/ぽりふぉ　・スルー	レトロマニア狂想曲	ぽりふぉ						293	D1	2026/04/04		SKIP
78.マインドブランド/MARETU　★(9)間宵	マインドブランド	MARETU						293	D1	2026/04/04	間宵	WIN9
1.イッシュのポケモンいえるのか！/生㌔P    ×テフミネ→×と→×まるま→①スライドポテト	イッシュのポケモン　言えるのか！	生㌔P						293	A	2026/04/04	テフミネ	NG	と	NG	maruma	NG	スライドポテト	OK1
2.リアル初音ミクの消失/暴走P   ①影山	リアル初音ミクの消失	cosMo@暴走P						293	A	2026/04/04	影山	OK1
3.サルでもわかる/アゴアニキ    ①と	サルでもわかる	アゴアニキ						293	A	2026/04/04	と	OK1
4.よつばのクローバー/トラボルタ   ①まるま	よつばのクローバー	トラボルタ						293	A	2026/04/04	maruma	OK1
5.テレホタイム/ラマーズP   ×影山→②まるま	テレホタイム	ラマーズP						293	A	2026/04/04	影山	NG	maruma	OK2
6.エンデバー/wotaku    ③まるま	エンデバー	wotaku						293	A	2026/04/04	maruma	OK3
7.Adam/ジミーサムP    ②と	Adam	ジミーサムP						293	A	2026/04/04	と	OK2
8.ひかりのかみさま/ジグ   ×と→①にーも	ひかりのかみさま	ジグ						293	A	2026/04/04	と	NG	にーも	OK1
9.purpose/doriko    ②影山	purpose	doriko						293	A	2026/04/04	影山	OK2
10.灰ノ詩/nyanyannya    ×まるま→×影山→①とつは	灰ノ詩	nyanyannya						293	A	2026/04/04	maruma	NG	影山	NG	とつは	OK1
11.想歌百景/黒田亜津    ×スライドポテト→×にーも→③と	想歌百景	黒田亜津						293	A	2026/04/04	スライドポテト	NG	にーも	NG	と	OK3
12.ラプラスショコラ/Kai    ④と	ラプラスショコラ	Kai						293	A	2026/04/04	と	OK4
13.カミノコトバ/ゆよゆっぺ    ④まるま	カミノコトバ	ゆよゆっぺ						293	A	2026/04/04	maruma	OK4
14.シネマセレクト/n.k    ×まるま→②スライドポテト	シネマセレクト	n.k						293	A	2026/04/04	maruma	NG	スライドポテト	OK2
15.J( 'ー`)し カーチャン/おにゅうP   ★(1)と	J( 'ー`)し カーチャン	おにゅうP						293	A	2026/04/04	と	WIN1
16.DAYBREAK FRONTLINE/Orangestar   ②にーも	DAYBREAK FRONTLINE	Orangestar						293	A	2026/04/04	にーも	OK2
17.Ehecatl/mako    ・スルー	Ehēcatl	mako						293	A	2026/04/04		SKIP
18.Tell Me/Luna   ×テフミネ→③にーも	Tell Me	*Luna						293	A	2026/04/04	テフミネ	NG	にーも	OK3
19.共犯者/カラスヤサボウ    ★(2)まるま	共犯者	カラスヤサボウ						293	A	2026/04/04	maruma	WIN2
20.ルルブ/藤原ハガネ   ×影山→④にーも	ルルブ	藤原ハガネ						293	A	2026/04/04	影山	NG	にーも	OK4
21.盗み出せ！アンティークのチキン/家の裏でマンボウが死んでるP    ×テフミネ→①RRR	盗み出せ！アンティークのチキン	家の裏でマンボウが死んでるP						293	A	2026/04/04	テフミネ	NG	RRR	OK1
22.拍手喝采満員御礼/つきみぐー、  ②RRR	拍手喝采満員御礼	つきみぐー、						293	A	2026/04/04	RRR	OK2
23.I/フェイP   ③スライドポテト	I	フェイP						293	A	2026/04/04	スライドポテト	OK3
24.月祭り/Dong    ×とつは→・スルー	月祭り	Dong						293	A	2026/04/04	とつは	NG		SKIP
25.夢地図/40mP   ★(3)にーも	夢地図	40mP						293	A	2026/04/04	にーも	WIN3
26.ピグマリオン/out of service    ・スルー	ピグマリオン	out of service						293	A	2026/04/04		SKIP
27.サヨナラは言わないでさ/MIMI   ××テフミネ→①時雨	サヨナラは言わないでさ	MIMI						293	A	2026/04/04	テフミネ	LOSE	時雨	OK1
28.花弁、それにまつわる音声/あばらや   ②とつは	花弁、それにまつわる音声	あばらや						293	A	2026/04/04	とつは	OK2
29.ヘイヴン/煮ル果実   ②時雨	ヘイヴン	煮ル果実						293	A	2026/04/04	時雨	OK2
30.知らないアート/真島ゆろ   ③影山	知らないアート	真島ゆろ						293	A	2026/04/04	影山	OK3
31.ネロイズム/かいりきベア   ③とつは	ネロイズム	かいりきベア						293	A	2026/04/04	とつは	OK3
32.病名は愛だった/Neru   ③RRR	病名は愛だった	Neru						293	A	2026/04/04	RRR	OK3
33.そんなところに神は宿らない/kihirohito   ・スルー	そんなところに神は宿らない	kihirohito						293	A	2026/04/04		SKIP
34.Find The Light/DECO*27   ④スライドポテト	Find The Light	DECO*27						293	A	2026/04/04	スライドポテト	OK4
35.パンツ脱げるもん！/ちょむP   ④とつは	パンツ脱げるもん！	ちょむP						293	A	2026/04/04	とつは	OK4
36.絶対にチョコミントを食べるアオイチャン/GYARI    ④影山	絶対にチョコミントを食べるアオイチャン	GYARI						293	A	2026/04/04	影山	OK4
37.ガラスの糸/傘村トータ    ★(4)スライドポテト	ガラスの糸	傘村トータ						293	A	2026/04/04	スライドポテト	WIN4
38.Blindness/PolyphonicBranch    ★(5)影山	Blindness	ぽりふぉ						293	A	2026/04/04	影山	WIN5
39.ヤバいと思ったが性欲を抑えきれなかった/ほぼ日P    ④RRR	ヤバイと思ったが性欲を抑えきれなかった	ほぼ日P						293	A	2026/04/04	RRR	OK4
40.らくらく安楽死/ぺぽよ    ★(6)とつは	らくらく安楽死	ぺぽよ						293	A	2026/04/04	とつは	WIN6
41.オレンジイレエル/Glue    ・スルー	オレンジイレエル	Glue						293	A	2026/04/04		SKIP
42.夢みることり/はややP   ★(7)RRR	夢みることり	はややP						293	A	2026/04/04	RRR	WIN7
43.ハジメテノオト/malo    ③時雨	ハジメテノオト	malo						293	A	2026/04/04	時雨	OK3
44.トゥイー・ボックスの人形劇場/sasakure.UK    ④時雨	トゥイー・ボックスの人形劇場	sasakure.UK						293	A	2026/04/04	時雨	OK4
45.削いで、   /r-906    ★(8)時雨	削いで、	r-906						293	A	2026/04/04	時雨	WIN8
01.失想ワアド/じん　①Reia	失想ワアド	じん						293	C1	2026/04/04	Lyz	OK1
02.Jesus/ちいたな　②Reia	Jesus	ちいたな						293	C1	2026/04/04	Lyz	OK2
03.古書屋敷殺人事件/てにをは　①Ivy	古書屋敷殺人事件	てにをは						293	C1	2026/04/04	Abbey	OK1
04.ユーエフオー/hario　・スルー	ユーエフオー	hario						293	C1	2026/04/04		SKIP
05.musiClock/lumo　①祝	musiClock	lumo						293	C1	2026/04/04	祝公式	OK1
06.急性恋愛中毒/ぴーなた　×フリスク→①すBAR	急性恋愛中毒	ぴーなた						293	C1	2026/04/04	フリスク	NG	すBAR	OK1
07.モノノケミステリヰ/てにをは　②lvy	モノノケミステリヰ	てにをは						293	C1	2026/04/04	Abbey	OK2
08あなたクランケン/tamon　×フリスク→①しゃい	あなたクランケン	tamon						293	C1	2026/04/04	フリスク	NG	しゃい	OK1
09.タイガーランペイジ/ささくれP　③Reia	タイガーランペイジ	sasakure.UK						293	C1	2026/04/04	Lyz	OK3
10.ヘイトクライム/さまぐら　②すBAR	ヘイトクライム	さまぐら						293	C1	2026/04/04	すBAR	OK2
11.置き去り月夜抄/悪ノP　①手下	置き去り月夜抄	悪ノP						293	C1	2026/04/04	手下	OK1
12.深海遊園地/Yono　・スルー	深海遊園地	YonoP						293	C1	2026/04/04		SKIP
13.カメレオン/すりぃ　②手下	カメレオン	すりぃ						293	C1	2026/04/04	手下	OK2
14.天使と悪魔/40mP　×祝→×たかそう→①トラノオ	天使と悪魔	40mP						293	C1	2026/04/04	祝公式	NG	たかそう	NG	トラノオ	OK1
15.Magic and Hope/picco　×しゃい	Magic and Hope	picco						293	C1	2026/04/04	しゃい	NG		SKIP
16.M.S.S.Phantom/FB777　③手下	M.S.S.Phantom	FB777						293	C1	2026/04/04	手下	OK3
17.リスタート/はるふり　・スルー	リスタート	はるふり						293	C1	2026/04/04		SKIP
18.ゼロ発信/濁茶　×手下→②祝	ゼロ発信	濁茶						293	C1	2026/04/04	手下	NG	祝公式	OK2
19.水色の日/sleepless　④Reia	水色の日	sleepless						293	C1	2026/04/04	Lyz	OK4
20.それがあなたの幸せとしても/Heavenz　④手下	それがあなたの幸せとしても	Heavenz						293	C1	2026/04/04	手下	OK4
21.花餐症/楽園市街　①フリスク	花餐症	楽園市街						293	C1	2026/04/04	フリスク	OK1
22.収束するUFO/やながみゆき　③祝	収束するUFO	やながみゆき						293	C1	2026/04/04	祝公式	OK3
23.チョコレート・トレイン/PENGUINS PROJECT　★(1)手下	チョコレート・トレイン	PENGUINS PROJECT						293	C1	2026/04/04	手下	WIN1
24.Alice in 冷凍庫/Orangestar　①たかそう	Alice in 冷凍庫	Orangestar						293	C1	2026/04/04	たかそう	OK1
25.赤い眼のレコ/yanagi　・スルー	赤い眼のレコ	yanagi						293	C1	2026/04/04		SKIP
26.まにまに/r-906　②フリスク	まにまに	r-906						293	C1	2026/04/04	フリスク	OK2
27.カルデネ/はるまきごはん　★(2)Reia	カルデネ	はるまきごはん						293	C1	2026/04/04	Lyz	WIN2
28.Heal me/*Luna　③フリスク	Heal me	*Luna						293	C1	2026/04/04	フリスク	OK3
29.発火/てにをは　②たかそう	発火	てにをは						293	C1	2026/04/04	たかそう	OK2
30.感情ハッキング/blues　×フリスク→③たかそう	感情ハッキング	blues						293	C1	2026/04/04	フリスク	NG	たかそう	OK3
31.今をかける少女/40mP　④祝	今をかける少女	40mP						293	C1	2026/04/04	祝公式	OK4
32.さよならスーヴェニア/とあ　③すBAR	さよならスーヴェニア	とあ						293	C1	2026/04/04	すBAR	OK3
33.ポラリス/鮭P　・スルー	ポラリス	鮭P						293	C1	2026/04/04		SKIP
34.アイマイ独立宣言/ゆうゆ　②トラノオ	アイマイ独立宣言	ゆうゆ						293	C1	2026/04/04	トラノオ	OK2
35.ウミユリ海底譚/n-buna　④すBAR	ウミユリ海底譚	n-buna						293	C1	2026/04/04	すBAR	OK4
36.極楽鳥-bird of paradise-/ゆうゆ　・スルー	極楽鳥 -bird of paradise-	ゆうゆ						293	C1	2026/04/04		SKIP
37.すきなことだけでいいです/ピノキオピー　③lvy	すきなことだけでいいです	ピノキオピー						293	C1	2026/04/04	Abbey	OK3
38.「1」/164　④lvy	「1」	164						293	C1	2026/04/04	Abbey	OK4
39.memeしい/青栗鼠　④フリスク	memeしい	青栗鼠						293	C1	2026/04/04	フリスク	OK4
40.愛×愛ホイッスル/ぽりふぉ　②しゃい	愛×愛ホイッスル	ぽりふぉ						293	C1	2026/04/04	しゃい	OK2
41.アイソワライ/かいりきベア　③トラノオ	アイソワライ	かいりきベア						293	C1	2026/04/04	トラノオ	OK3
42.反芻の印象/ふる　・スルー	反芻の印象	ふる						293	C1	2026/04/04		SKIP
43.tig-hug/ささくれP　④トラノオ	tig-hug	sasakure.UK						293	C1	2026/04/04	トラノオ	OK4
44.Blue Star/八王子P　★(3)祝	Blue Star	八王子P						293	C1	2026/04/04	祝公式	WIN3
45.メンヘラデーモン/マイキP　④たかそう	メンヘラデーモン	マイキP						293	C1	2026/04/04	たかそう	OK4
46.FLASH/香椎モイミ　×lvy→★(4)たかそう	FLASH	香椎モイミ						293	C1	2026/04/04	Abbey	NG	たかそう	WIN4
47.ミセエネン/MARETU　★(5)フリスク	ミセエネン	MARETU						293	C1	2026/04/04	フリスク	WIN5
48.絶望。/A4。　・スルー	絶望。	A4。						293	C1	2026/04/04		SKIP
49.ねぇねぇねぇ。/ピノキオピー　③しゃい	ねぇねぇねぇ。	ピノキオピー						293	C1	2026/04/04	しゃい	OK3
50.チョコレートミルク/あぷえら　・スルー	チョコレートミルク	Aqu3ra						293	C1	2026/04/04		SKIP
51.シャボン/蜂屋ななし　★(6)lvy	シャボン	栗山夕璃(蜂屋ななし)						293	C1	2026/04/04	Abbey	WIN6
52.レテノール/R Sound Design　④しゃい	レテノール	R Sound Design						293	C1	2026/04/04	しゃい	OK4
53.貴方に花を 私に唄を/Re:nG　★(7)しゃい	貴方に花を 私に唄を	Re:nG						293	C1	2026/04/04	しゃい	WIN7
54.私は雨/稲葉曇　★(8)すBAR	私は雨	稲葉曇						293	C1	2026/04/04	すBAR	WIN8
55.はじまったばっかだぜ/サイゼP　・スルー	はじまったばっかだぜ	カルロス袴田(サイゼP)						293	C1	2026/04/04		SKIP
56.電波中毒/ラムネ　・スルー	電波中毒	ラムネ(村人P)						293	C1	2026/04/04		SKIP
57.メテオ/じょん　★(9)トラノオ	メテオ	じょん						293	C1	2026/04/04	トラノオ	WIN9
58.キューピット/Kai　・スルー	キューピット	Kai						293	C1	2026/04/04		SKIP
59.インタビュア/クワガタP　・スルー	インタビュア	クワガタP						293	C1	2026/04/04		SKIP
60.終焉逃避行/柊マグネタイト　・スルー	終焉逃避行	柊マグネタイト						293	C1	2026/04/04		SKIP
61.初めての恋が終わる時/ryo　・スルー	初めての恋が終わる時	ryo						293	C1	2026/04/04		SKIP
1.アンテナ39/柊マグネタイト　×間宵→①きょうぼく	アンテナ39	柊マグネタイト						294	D2	2026/04/10	間宵	NG	きょうぼく	OK1
2.世界寿命と最後の一日/スズム　①カオス	世界寿命と最後の一日	スズム						294	D2	2026/04/10	カオス	OK1
3.化けの花/なきそ　①ぱらど	化けの花	なきそ						294	D2	2026/04/10	paradoxes	OK1
4.セツナドライブ/神無月P　①ニナ	セツナドライブ	神無月P						294	D2	2026/04/10	ニナ	OK1
5.無限にホメてくれる桜乃そら先生/GYARI　×詩歌→×えぬし→×ニナ→①なすの惑星	無限にホメてくれる桜乃そら先生	GYARI						294	D2	2026/04/10	詩歌	NG	N氏	NG	ニナ	NG	なすの惑星	OK1
6.迷子のリボン/40mP　・スルー	迷子のリボン	40mP						294	D2	2026/04/10		SKIP
7.えすけーぷ/MIMI　×ぱらど→×なすの惑星→×詩歌→×間宵→×しがない炭酸飲料→スルー	えすけーぷ	MIMI						294	D2	2026/04/10	paradoxes	NG	なすの惑星	NG	詩歌	NG	間宵	NG	しがない炭酸飲料	NG		SKIP
8.ハウトゥワープ/ナユタン星人　×おはよう→スルー	ハウトゥワープ	ナユタン星人						294	D2	2026/04/10	おはよう	NG		SKIP
9.アンスロポフォビア/リスミー　②カオス	アンスロポフォビア	リスミー						294	D2	2026/04/10	カオス	OK2
10.千本桜/黒うさP　②ニナ	千本桜	黒うさP						294	D2	2026/04/10	ニナ	OK2
11.METEOR/DIVELA　①えぬし	METEOR	DIVELA						294	D2	2026/04/10	N氏	OK1
12.ミセオト/yowanecity　×間宵→×なすの惑星→スルー	ミセオト	yowanecity						294	D2	2026/04/10	間宵	NG	なすの惑星	NG		SKIP
13.エクスプロウル/晴いちばん　②ぱらど	エクスプロウル	晴いちばん						294	D2	2026/04/10	paradoxes	OK2
14.アイ/ATOLS　③カオス	アイ	ATOLS						294	D2	2026/04/10	カオス	OK3
15.嬢王/八王子P　②きょうぼく	嬢王	八王子P						294	D2	2026/04/10	きょうぼく	OK2
16.ブレイクアウト！/寺田まも　×詩歌→スルー	ブレイクアウト！	寺田まも						294	D2	2026/04/10	詩歌	NG		SKIP
17.Hello, Worker/ハヤシケイ　③ニナ	Hello, Worker	ハヤシケイ						294	D2	2026/04/10	ニナ	OK3
18.SPICE！/流星P　②なすの惑星	SPICE！	流星P						294	D2	2026/04/10	なすの惑星	OK2
19.clock lock works/ハチ　④ニナ	clock lock works	ハチ						294	D2	2026/04/10	ニナ	OK4
20.夜撫でるメノウ/Ayase　②えぬし	夜撫でるメノウ	Ayase						294	D2	2026/04/10	N氏	OK2
21.相愛性理論/DECO*27　×詩歌→③きょうぼく	相愛性理論	DECO*27						294	D2	2026/04/10	詩歌	NG	きょうぼく	OK3
22.孤独の宗教/syudou　④カオス	孤独の宗教	syudou						294	D2	2026/04/10	カオス	OK4
23.イナイイナイ依存症/かいりきベア　③ぱらど	イナイイナイ依存症	かいりきベア						294	D2	2026/04/10	paradoxes	OK3
24.お返事まだカナ？おじさん構文/吉本おじさん　④きょうぼく	お返事まだカナ💦❓おじさん構文😁❗️	吉本おじさん						294	D2	2026/04/10	きょうぼく	OK4
25.精神崩壊シンドローム/こがねむし　×なすの惑星→×きょうぼく→×間宵→×鹿猫→①おはよう	精神崩壊シンドローム	こがねむし						294	D2	2026/04/10	なすの惑星	NG	きょうぼく	NG	間宵	NG	鹿猫	NG	おはよう	OK1
26.マジカルドクター/MARETU　③えぬし	マジカルドクター	MARETU						294	D2	2026/04/10	N氏	OK3
27.Harvest/修羅場P　①防虫剤	Harvest	修羅場P						294	D2	2026/04/10	防虫剤	OK1
28.レッド・パージ！！！/P.I.N.A.　★(1)ニナ	レッド・パージ！！！	P.I.N.A.						294	D2	2026/04/10	ニナ	WIN1
29.ダブルラリアット/アゴアニキ　★(2)きょうぼく	ダブルラリアット	アゴアニキ						294	D2	2026/04/10	きょうぼく	WIN2
30.忘れたいことばっかだ/Guiano　①詩歌	忘れたいことばっかだ	Guiano						294	D2	2026/04/10	詩歌	OK1
31.悶々ふぁんもおらん/もちうつね　④えぬし	悶々ふぁんもおらん	もちうつね						294	D2	2026/04/10	N氏	OK4
32.ゾンビ/DECO*27　①鹿猫	ゾンビ	DECO*27						294	D2	2026/04/10	鹿猫	OK1
33.アンチユー/Chinozo　④ぱらど	アンチユー	Chinozo						294	D2	2026/04/10	paradoxes	OK4
34.クソゲー実況プレイ/おにゅうP　③なすの惑星	クソゲー実況プレイ	おにゅうP						294	D2	2026/04/10	なすの惑星	OK3
35.馬鹿/syudou　★(3)カオス	馬鹿	syudou						294	D2	2026/04/10	カオス	WIN3
36.Mr.Music/れるりり　②詩歌	Mr.Music	れるりり						294	D2	2026/04/10	詩歌	OK2
37.ココロナンセンス/かいりきベア　②鹿猫	ココロナンセンス	かいりきベア						294	D2	2026/04/10	鹿猫	OK2
38.死人舞踏会/雨乃こそあど　③詩歌	死人舞踏会	雨乃こそあど						294	D2	2026/04/10	詩歌	OK3
39.ただ病名が欲しかった/Kyiku　③鹿猫	ただ病名が欲しかった	Kyiku						294	D2	2026/04/10	鹿猫	OK3
40.竹取オーバーナイトセンセーション/HoneyWorks　①しがない炭酸飲料	竹取オーバーナイトセンセーション	HoneyWorks						294	D2	2026/04/10	しがない炭酸飲料	OK1
41.クラブ=マジェスティ/大天才P　★(4)ぱらど	クラブ=マジェスティ	nyanyannya						294	D2	2026/04/10	paradoxes	WIN4
42.ルルージュ/MIMI　②しがない炭酸飲料	ルルージュ	MIMI						294	D2	2026/04/10	しがない炭酸飲料	OK2
43.パメラ/バルーン　④詩歌	パメラ	バルーン						294	D2	2026/04/10	詩歌	OK4
44.マーメイド/モナカファクトリー　×なすの惑星→×鹿猫→×しがない炭酸飲料→×間宵→スルー	マーメイド	monaca:factory						294	D2	2026/04/10	なすの惑星	NG	鹿猫	NG	しがない炭酸飲料	NG	間宵	NG		SKIP
45.シルバーバレット/ぺぺろんP　②防虫剤	シルバーバレット	ぺぺろんP						294	D2	2026/04/10	防虫剤	OK2
46.バースデイ/内緒のピアス　★(5)詩歌	バースデイ	内緒のピアス						294	D2	2026/04/10	詩歌	WIN5
47.Gothic and Loneliness/なるしまたかし　・スルー	Gothic and Loneliness	なるしまたかし						294	D2	2026/04/10		SKIP
48.STAGE OF SEKAI/はりーP　②おはよう	STAGE OF SEKAI	はりーP						294	D2	2026/04/10	おはよう	OK2
49.野良犬疾走日和/ぼすけてP　④なすの惑星	野良犬疾走日和	ボス走らず急いで歩いてきて僕らを助けてP						294	D2	2026/04/10	なすの惑星	OK4
50.ニレ/宮口カイライ　・スルー	ニレ	宮口カイライ						294	D2	2026/04/10		SKIP
51.とおせんぼ/wowaka　④鹿猫	とおせんぼ	wowaka						294	D2	2026/04/10	鹿猫	OK4
52.まだあの月と溺れていたい/YURAGANO　★(6)えぬし	まだあの月と溺れていたい	YURAGANO						294	D2	2026/04/10	N氏	WIN6
53.そこに命はありますか。/DIVELA　③防虫剤	そこに命はありますか。	DIVELA						294	D2	2026/04/10	防虫剤	OK3
54.EARTHTOPIA/バーコードP　・スルー	EARTHTOPIA	バーコードP						294	D2	2026/04/10		SKIP
55.家に帰ると妻が必ず死んだふりをしています。/ほぼ日P　×鹿猫→①間宵	家に帰ると妻が必ず死んだふりをしています。	ほぼ日P						294	D2	2026/04/10	鹿猫	NG	間宵	OK1
56.花降らし/n-buna　★(7)なすの惑星	花降らし	n-buna						294	D2	2026/04/10	なすの惑星	WIN7
57.イアイア★ナイトオブデザイア/samfree　③しがない炭酸飲料	イアイア★ナイトオブデザイア	samfree						294	D2	2026/04/10	しがない炭酸飲料	OK3
58.夕景イエスタデイ/じん　④防虫剤	夕景イエスタデイ	じん						294	D2	2026/04/10	防虫剤	OK4
59.フェレス/栗山夕璃　③おはよう	フェレス	栗山夕璃(蜂屋ななし)						294	D2	2026/04/10	おはよう	OK3
60.脳漿炸裂ガール 2015ver./れるりり　★(8)防虫剤	脳漿炸裂ガール	れるりり						294	D2	2026/04/10	防虫剤	WIN8
61.傀儡阿修羅/柊マグネタイト　××間宵→★(9)鹿猫	傀儡阿修羅	柊マグネタイト						294	D2	2026/04/10	間宵	LOSE	鹿猫	WIN9
62.知らぬがイム/Noz.　④しがない炭酸飲料	知らぬがイム	Noz.						294	D2	2026/04/10	しがない炭酸飲料	OK4
63.パンダヒーロー/ハチ　×しがない炭酸飲料→④おはよう	パンダヒーロー	ハチ						294	D2	2026/04/10	しがない炭酸飲料	NG	おはよう	OK4
64.エスパーエスパー/ナユタン星人　★(10)おはよう	エスパーエスパー	ナユタン星人						294	D2	2026/04/10	おはよう	WIN10
65.弱虫モンブラン/DECO*27　★(11)しがない炭酸飲料	弱虫モンブラン	DECO*27						294	D2	2026/04/10	しがない炭酸飲料	WIN11
1.惑星のダンスフロア/サンリオ　①手下	惑星のダンスフロア	サンリオ						294	B	2026/04/10	手下	OK1
2.アスノヨゾラ哨戒班/Orangestar　①わいえい	アスノヨゾラ哨戒班	Orangestar						294	B	2026/04/10	わいえい	OK1
3.未完成エゴイズム/雪乃イト　①YAMADA	未完成エゴイズム	雪乃イト						294	B	2026/04/10	世界のYAMADA	OK1
4.ヒレフセ/CleeNoah　②手下	ヒレフセ	しるばーな						294	B	2026/04/10	手下	OK2
5.み　む　かｩ　わ　ナ　イ　ス　ト　ラ　イ/ぬぬぬぬぬぬぬぬぬぬぬぬぬぬぬぬ　①フリスク	み　む　かｩ　わ　ナ　イ　ス　ト　ラ　イ	ぬぬぬぬぬぬぬぬぬぬぬぬぬぬぬぬ						294	B	2026/04/10	フリスク	OK1
6.モノクロボイス/cosMo＠暴走P　×グルーガン→×よかずき→×いくま→①YAMADA	モノクロボイス	cosMo@暴走P						294	B	2026/04/10	グルーガン	NG	よかずき	NG	八神猪熊	NG	世界のYAMADA	OK2
7.Rera/だいすけP　×フリスク→×まつせ→①なごん	Rera	だいすけP						294	B	2026/04/10	フリスク	NG	まつせ	NG	なごん	OK1
8.ごごのこうちゃ/クシャミィ　×YAMADA→①とちこ	ごごのこうちゃ	クシャミィ						294	B	2026/04/10	世界のYAMADA	NG	とちこ	OK1
9.化けの花/なきそ　①よかずき	化けの花	なきそ						294	B	2026/04/10	よかずき	OK1
10.チーズ/Chinozo　②わいえい	チーズ	Chinozo						294	B	2026/04/10	わいえい	OK2
11.あなたが神様になった日。/うさぎ　×フリスク→×わいえい→スルー	あなたが神様になった日。	うさぎ						294	B	2026/04/10	フリスク	NG	わいえい	NG		SKIP
12.世界の真ん中を歩く/夏代孝明　①がんこー	世界の真ん中を歩く	夏代孝明						294	B	2026/04/10	がんこー	OK1
13.アディクテッド・セオリー/*Luna　×手下→×わいえい→×いくま→×グルーガン→①まつせ	アディクテッド・セオリー	*Luna						294	B	2026/04/10	手下	NG	わいえい	NG	八神猪熊	NG	グルーガン	NG	まつせ	OK1
14.チット・チャット・マーチ！/Omoi　②がんこー	チット・チャット・マーチ！	Omoi						294	B	2026/04/10	がんこー	OK2
15.でぃすこ☆しょこらてっく/かごめP　×よかずき→×まつせ→③YAMADA	でぃすこ☆しょこらてっく	かごめP						294	B	2026/04/10	よかずき	NG	まつせ	NG	世界のYAMADA	OK3
16.濫觴生命/Orangestar　③がんこー	濫觴生命	Orangestar						294	B	2026/04/10	がんこー	OK3
17.しゃりらりらっ！/ぽんぬり　×YAMADA→×フリスク→×なごん→スルー	しゃりらりらっ！	ぽんぬり						294	B	2026/04/10	世界のYAMADA	NG	フリスク	NG	なごん	NG		SKIP
18.タイニーバニー/youまん　②とちこ	タイニーバニー	youまん						294	B	2026/04/10	とちこ	OK2
19.下剋上(完)/一行P　②なごん	下剋上(完)	一行P						294	B	2026/04/10	なごん	OK2
20.また誰かの手に救われてしまうから/Kyiku　③わいえい	また誰かの手に救われてしまうから	Kyiku						294	B	2026/04/10	わいえい	OK3
21.ハンコウセイメイ/YM　×わいえい→①クロ	ハンコウセイメイ	YM						294	B	2026/04/10	わいえい	NG	クロ	OK1
22.ファイアダンス/DECO*27×Giga　②よかずき	ファイアダンス	DECO*27	ギガ					294	B	2026/04/10	よかずき	OK2
23.リアル初音ミクの消失/cosMo＠暴走P　×がんこー→③とちこ	リアル初音ミクの消失	cosMo@暴走P						294	B	2026/04/10	がんこー	NG	とちこ	OK3
24.Alice in 冷凍庫/Orangestar　①まかろにー	Alice in 冷凍庫	Orangestar						294	B	2026/04/10	まかろにー	OK1
25.絶対少女領域-absolute territory-/えんどりP　×まかろにー→スルー	絶対少女領域-absolute territory-	えんどりP						294	B	2026/04/10	まかろにー	NG		SKIP
26.雪花繚乱/だいすけP　③なごん	雪花繚乱	だいすけP						294	B	2026/04/10	なごん	OK3
27.ハッピーシンセサイザ/EasyPop　④とちこ	ハッピーシンセサイザ	EasyPop						294	B	2026/04/10	とちこ	OK4
28.天樂/ゆうゆ　④がんこー	天樂	ゆうゆ						294	B	2026/04/10	がんこー	OK4
29.Love*3/黒うさP　×まつせ→③手下	Love*3	黒うさP						294	B	2026/04/10	まつせ	NG	手下	OK3
30.ストロベリー/ラマーズP　④手下	ストロベリー	ラマーズP						294	B	2026/04/10	手下	OK4
31.YY/23.exe　④YAMADA	YY	23.exe						294	B	2026/04/10	世界のYAMADA	OK4
32.うみなおし/MARETU　④わいえい	うみなおし	MARETU						294	B	2026/04/10	わいえい	OK4
33.Everlastingly/Clean Tears　×手下→×YAMADA→スルー	Everlastingly	Clean Tears						294	B	2026/04/10	手下	NG	世界のYAMADA	NG		SKIP
34.大丈夫だ、問題ない。/オワタP　××まつせ→②クロ	大丈夫だ、問題ない。	オワタP						294	B	2026/04/10	まつせ	LOSE	クロ	OK2
35.空奏列車/Orangestar　②まかろにー	空奏列車	Orangestar						294	B	2026/04/10	まかろにー	OK2
36.最低な夜から/¿?shimon　・スルー	最低な夜から	¿?shimon						294	B	2026/04/10		SKIP
37.鏡音八八花合戦/モジャ　★(1)手下	鏡音八八花合戦	モジャP						294	B	2026/04/10	手下	WIN1
38.サイレンピーポー/koma'n　××フリスク→★(2)とちこ	サイレンピーポー	koma'n						294	B	2026/04/10	フリスク	LOSE	とちこ	WIN2
39.Starduster/ジミーサムP　★(3)がんこー	Starduster	ジミーサムP						294	B	2026/04/10	がんこー	WIN3
40.ametrin/narry　④なごん	ametrin	narry						294	B	2026/04/10	なごん	OK4
41.表裏一体/すりぃ　★(4)わいえい	表裏一体	すりぃ						294	B	2026/04/10	わいえい	WIN4
42.ピルグリム/しーくん　××YAMADA→スルー	ピルグリム	しーくん						294	B	2026/04/10	世界のYAMADA	LOSE		SKIP
43.勤労ループ〜新入社員のずんだもん〜/ひらうみ　①Takuan	勤労ループ　〜新入社員のずんだもん〜	ひらうみ						294	B	2026/04/10	Takuan	OK1
44.また季節が一つ過ぎ去ってゆく/Guiano　②Takuan	また季節が一つ過ぎ去ってゆく	Guiano						294	B	2026/04/10	Takuan	OK2
45.マーガレット/西憂花　・スルー	マーガレット	西憂花						294	B	2026/04/10		SKIP
46.はじまりの未来(Ergo ver)/40mP×sasakure.UK　★(5)なごん	はじまりの未来	40mP	sasakure.UK					294	B	2026/04/10	なごん	WIN5
47.ラッキースター/zensen　③Takuan	ラッキースター	zensen						294	B	2026/04/10	Takuan	OK3
48.化物宇宙/ピノキオピー　×Takuan→①グルーガン	化物宇宙	ピノキオピー						294	B	2026/04/10	Takuan	NG	グルーガン	OK1
49.スピークイージー/wotaku　×よかずき→スルー	スピークイージー	wotaku						294	B	2026/04/10	よかずき	NG		SKIP
50.ニュース39/Mitchie M　②グルーガン	ニュース39	Mitchie M						294	B	2026/04/10	グルーガン	OK2
51.ミッドナイト・プール/cat nap　③クロ	ミッドナイト・プール	ねこむら						294	B	2026/04/10	クロ	OK3
52.サーーードアイ!!!!/和田たけあき　④Takuan	サーーードアイ!!!!	和田たけあき						294	B	2026/04/10	Takuan	OK4
53.MAZE/Noz.　③グルーガン	MAZE	Noz.						294	B	2026/04/10	グルーガン	OK3
54.ひとひらモノローグ/Horihata　×まかろにー→スルー	ひとひらモノローグ	Horihata						294	B	2026/04/10	まかろにー	NG		SKIP
55.ばいばいカミサマ！/とんかつ　①いくま	ばいばいカミサマ！	きゅんきゅんP						294	B	2026/04/10	八神猪熊	OK1
56.ワーミー・アナーキー/ショミ　④クロ	ワーミー・アナーキー	ショミ						294	B	2026/04/10	クロ	OK4
57.オールセーブチャレンジ/香椎モイミ　③よかずき	オールセーブチャレンジ	香椎モイミ						294	B	2026/04/10	よかずき	OK3
58.夢と葉桜/青木月光　×いくま→スルー	夢と葉桜	青木月光						294	B	2026/04/10	八神猪熊	NG		SKIP
59.アウト オブ エデン/Kouhei　★(6)クロ	アウト オブ エデン	Kouhei						294	B	2026/04/10	クロ	WIN6
60.サッドガール・セックス/DECO*27　④よかずき	サッドガール・セックス	DECO*27						294	B	2026/04/10	よかずき	OK4
61.無人駅/n-buna　③まかろにー	無人駅	n-buna						294	B	2026/04/10	まかろにー	OK3
62.三十路OLの救済/Ro2noki　・スルー	三十路OLの救済	Ro2noki						294	B	2026/04/10		SKIP
63.どうか、この言の葉が巣食わないように/Kyiku　・スルー	どうか、この言の葉が巣食わないように	Kyiku						294	B	2026/04/10		SKIP
64.少女失格/なきそ　★(7)よかずき	少女失格	なきそ						294	B	2026/04/10	よかずき	WIN7
65.ストマックブック/背脂部　・スルー	ストマックブック	背脂部						294	B	2026/04/10		SKIP
66.しわ/buzzG　④グルーガン	しわ	buzzG						294	B	2026/04/10	グルーガン	OK4
67.Vanitas/猿楽 雅　・スルー	Vanitas	猿楽 雅						294	B	2026/04/10		SKIP
68.レゾンデートル/サドヤ　・スルー	レゾンデートル	サドヤ						294	B	2026/04/10		SKIP
69.あやとりうた/くりたにか　★(8)Takuan	あやとりうた	くりたにか						294	B	2026/04/10	Takuan	WIN8
70.cicada/キツネリ　・スルー	cicada	キツネリ						294	B	2026/04/10		SKIP
71.初音ミクの暴走/cosMo＠暴走P　②いくま	初音ミクの暴走	cosMo@暴走P						294	B	2026/04/10	八神猪熊	OK2
72.私こそが群星を穿つ涙/ほうきぼし　・スルー	私こそが群星を穿つ涙	ほうきぼし						294	B	2026/04/10		SKIP
73.レントリリー/ジグ　④まかろにー	レントリリー	ジグ						294	B	2026/04/10	まかろにー	OK4
74.GALAXY（Under my identity）/164　★(9)グルーガン	GALAXY（Under my identity）	164						294	B	2026/04/10	グルーガン	WIN9
75.妄想犯/あ子　・スルー	妄想犯	あ子						294	B	2026/04/10		SKIP
76.きみに回帰線/稲葉曇　×まかろにー→③いくま	きみに回帰線	稲葉曇						294	B	2026/04/10	まかろにー	NG	八神猪熊	OK3
77.Xenosphere/sleepless　・スルー	Xenosphere	sleepless						294	B	2026/04/10		SKIP
78.エレクトロサチュレイタ/tilt-six　④いくま	エレクトロサチュレイタ	tilt-six						294	B	2026/04/10	八神猪熊	OK4
79.絵本『人柱アリス』/歪P　★(10)いくま	絵本『人柱アリス』	歪P						294	B	2026/04/10	八神猪熊	WIN10
80.VOCALOID COMMUNICATION!!!/Project Lumina　★(11)まかろにー	VOCALOID COMMUNICATION!!!	Project Lumina						294	B	2026/04/10	まかろにー	WIN11
1.ビタースウィート/奏音69　①とある逢瀬	ビタースウィート	奏音69						294	C2	2026/04/10	とある逢瀬	OK1
2.む/大漠波新　×くちば→①ﾏ゛ｯｯｯ	む	大漠波新						294	C2	2026/04/10	くちば	NG	ﾏﾞｯｯｯ	OK1
3.Pinocchio/Noz.　①トラノオ	Pinocchio	Noz.						294	C2	2026/04/10	トラノオ	OK1
4.未完成タイムリミッター/Orangestar　①尾白もち	未完成タイムリミッター	Orangestar						294	C2	2026/04/10	尾白もち	OK1
5.アダルトチルドレン/カンザキイオリ　①くちば	アダルトチルドレン	カンザキイオリ						294	C2	2026/04/10	くちば	OK1
6.失想ワアド/じん　②とある逢瀬	失想ワアド	じん						294	C2	2026/04/10	とある逢瀬	OK2
7.キノコがはえてる!!/cosMo＠暴走P　①そい	キノコがはえてる!!	cosMo@暴走P						294	C2	2026/04/10	そい	OK1
8.雨とアスファルト/40mP　×クスノキ→×くちば→②そい	雨とアスファルト	40mP						294	C2	2026/04/10	クスノキ	NG	くちば	NG	そい	OK2
9.雨宿りの二人/ヤスオ　×とある逢瀬→×あいおい→×そい→①眠い人	雨宿りの二人	ヤスオ						294	C2	2026/04/10	とある逢瀬	NG	あいおい	NG	そい	NG	眠い人	OK1
10.ハウトゥワープ/ナユタン星人　×トラノオ→①クスノキ	ハウトゥワープ	ナユタン星人						294	C2	2026/04/10	トラノオ	NG	クスノキ	OK1
11.セグメントエラー/歩く人　②眠い人	セグメントエラー	歩く人						294	C2	2026/04/10	眠い人	OK2
12.ロストベール/mopi　×すBAR→×尾白もち→×Ha.Ru.→×トラノオ→×やま→×くちば→・スルー	ロストベール	mopi						294	C2	2026/04/10	すBAR	NG	尾白もち	NG	Ha.Ru.	NG	トラノオ	NG	やま	NG	くちば	NG		SKIP
13.Forward/R Sound Design　③眠い人	Forward	R Sound Design						294	C2	2026/04/10	眠い人	OK3
14.Reality/セピア　・スルー	Reality	セピア						294	C2	2026/04/10		SKIP
15.おやすみカンファレンス/まちーしゃ　×きぐな→・スルー	おやすみカンファレンス	まちーしゃ						294	C2	2026/04/10	きぐな	NG		SKIP
16.ぷっすんきゅう/粗品　③そい	ぷっすんきゅう	粗品						294	C2	2026/04/10	そい	OK3
17.君だけの魔法をかけよう/しぇろ　①Ha.Ru.	君だけの魔法をかけよう	しぇろ						294	C2	2026/04/10	Ha.Ru.	OK1
18.シビュラ/wotaku　①あいおい	シビュラ	wotaku						294	C2	2026/04/10	あいおい	OK1
19.マッシュルームマザー/ピノキオピー　②尾白もち	マッシュルームマザー	ピノキオピー						294	C2	2026/04/10	尾白もち	OK2
20.ほんの少しのさよなら/電ポルP　×ぴーなっつ→・スルー	ほんの少しのさよなら	koyori(電ポルP)						294	C2	2026/04/10	ぴーなっつ	NG		SKIP
21.恋うる僕より、花咲く君へ/n.k　④眠い人	恋うる僕より、花咲く君へ	n.k						294	C2	2026/04/10	眠い人	OK4
22.夕日坂/doriko　×クスノキ→①きぐな	夕日坂	doriko						294	C2	2026/04/10	クスノキ	NG	きぐな	OK1
23.セツナドライブ/滝善充　×とある逢瀬→②きぐな	セツナドライブ	滝善充						294	C2	2026/04/10	とある逢瀬	NG	きぐな	OK2
24.ディナーベル/はるまきごはん　②あいおい	ディナーベル	はるまきごはん						294	C2	2026/04/10	あいおい	OK2
25.舌打ち/syudou　①すBAR	舌打ち	syudou						294	C2	2026/04/10	すBAR	OK1
26.ハルノ寂寞/稲葉曇　③あいおい	ハルノ寂寞	稲葉曇						294	C2	2026/04/10	あいおい	OK3
27.型落ち/歩く人　④そい	型落ち	歩く人						294	C2	2026/04/10	そい	OK4
28.トリノコシティ/40mP　③とある逢瀬	トリノコシティ	40mP						294	C2	2026/04/10	とある逢瀬	OK3
29.キッカイケッタイ/メドミア　②くちば	キッカイケッタイ	メドミア						294	C2	2026/04/10	くちば	OK2
30.Horizon/Clean Tears　・スルー	Horizon	Clean Tears						294	C2	2026/04/10		SKIP
31.追跡！家出少女の実態/SLAVE.V-V-R　★(1)眠い人	追跡！家出少女の実態！	SLAVE.V-V-R						294	C2	2026/04/10	眠い人	WIN1
32.世界秩序と六等星/guiano　①ぴーなっつ	世界秩序と六等星	Guiano						294	C2	2026/04/10	ぴーなっつ	OK1
33.Track/ハヤシケイ　③きぐな	Track	ハヤシケイ						294	C2	2026/04/10	きぐな	OK3
34.さいきょうになるのだ/Ponchi♪　③くちば	さいきょうになるのだ	Ponchi♪						294	C2	2026/04/10	くちば	OK3
35.バゥムクゥヘン・エンドロゥル/雨良　②クスノキ	バゥムクゥヘン・エンドロゥル	雨良						294	C2	2026/04/10	クスノキ	OK2
36.ステヰグマ/Shu　×あいおい→②トラノオ	ステヰグマ	Shu						294	C2	2026/04/10	あいおい	NG	トラノオ	OK2
37.For my soul/Junky　②ぴーなっつ	For my soul	Junky						294	C2	2026/04/10	ぴーなっつ	OK2
38.半透明な少年/フミ　・スルー	半透明な少年	フミ						294	C2	2026/04/10		SKIP
39.iki/Noz.　★(2)そい	iki	Noz.						294	C2	2026/04/10	そい	WIN2
40.ハートの後味/まふまふ　④とある逢瀬	ハートの後味	まふまふ						294	C2	2026/04/10	とある逢瀬	OK4
41.トウメイショウジョ/ゆずひこ　②Ha.Ru.	トウメイショウジョ	ゆずひこ						294	C2	2026/04/10	Ha.Ru.	OK2
42.愛言葉/DECO*27　×くちば→④きぐな	愛言葉	DECO*27						294	C2	2026/04/10	くちば	NG	きぐな	OK4
43.溺惑/Re:nG　★(3)きぐな	溺惑	Re:nG						294	C2	2026/04/10	きぐな	WIN3
44.続・既成事実/デッドボールP　×とある逢瀬→×HAN→③ぴーなっつ	続・既成事実	デッドボールP						294	C2	2026/04/10	とある逢瀬	NG	HAN	NG	ぴーなっつ	OK3
45.一発即答☆解ガール/れるりり　×トラノオ→③Ha.Ru.	一発即答☆解ガール	れるりり						294	C2	2026/04/10	トラノオ	NG	Ha.Ru.	OK3
46.伊っ達さ/マキシウキョウ　③クスノキ	伊っ達さ	マキシウキョウ						294	C2	2026/04/10	クスノキ	OK3
47.Just Be Friends/Dixie Flatline　④あいおい	Just Be Friends	Dixie Flatline						294	C2	2026/04/10	あいおい	OK4
48.アランスミシー/Teary Planet　④ぴーなっつ	アランスミシー	Teary Planet						294	C2	2026/04/10	ぴーなっつ	OK4
49.JUMPIN' OVER ! /r-906　②すBAR	JUMPIN' OVER !	r-906						294	C2	2026/04/10	すBAR	OK2
50.ディカディズム/ぬゆり　×やま→④クスノキ	ディカディズム	ぬゆり						294	C2	2026/04/10	やま	NG	クスノキ	OK4
51.P　名　言　っ　て　み　ろ　！/MARETU　★(4)ぴーなっつ	P　名　言　っ　て　み　ろ　！	MARETU						294	C2	2026/04/10	ぴーなっつ	WIN4
52.アポロ/くりたにか　④くちば	アポロ	くりたにか						294	C2	2026/04/10	くちば	OK4
53.忘却日記/清水コウ　★(5)とある逢瀬	忘却日記	清水コウ						294	C2	2026/04/10	とある逢瀬	WIN5
54.君も悪い人でよかった/ピノキオピー　③尾白もち	きみも悪い人でよかった	ピノキオピー						294	C2	2026/04/10	尾白もち	OK3
55.恋スルVOC@LOID/OSTER project　★(6)クスノキ	恋スルVOC@LOID	OSTER project						294	C2	2026/04/10	クスノキ	WIN6
56.ガチの調教/呆　×ﾏ゛ｯｯｯ→××くちば→×Ha.Ru.→・スルー	ガチの調教	呆						294	C2	2026/04/10	ﾏﾞｯｯｯ	NG	くちば	LOSE	Ha.Ru.	NG		SKIP
57.パラレルラルラ/夏代孝明　★(7)あいおい	パラレルラルラ	夏代孝明						294	C2	2026/04/10	あいおい	WIN7
58.アンビバレンス/すりぃ　③トラノオ	アンビバレンス	すりぃ						294	C2	2026/04/10	トラノオ	OK3
59.アルコールソング/OSTER project　④トラノオ	アルコールソング	OSTER project						294	C2	2026/04/10	トラノオ	OK4
60.フライトタイム/西沢さんP　②ﾏ゛ｯｯｯ	フライトタイム	TOKOTOKO（西沢さんP）						294	C2	2026/04/10	ﾏﾞｯｯｯ	OK2
61.インカーネイション/鼻そうめんP　・スルー	インカーネイション	鼻そうめんP						294	C2	2026/04/10		SKIP
62.ヘイセイカタクリズム/じっぷす　★(8)トラノオ	ヘイセイカタクリズム	ぷす						294	C2	2026/04/10	トラノオ	WIN8
63.ねぇ。/ナノウ　・スルー	「ねぇ。」	ナノウ						294	C2	2026/04/10		SKIP
64.パラレルレイヤー/lumo　④尾白もち	パラレルレイヤー	lumo						294	C2	2026/04/10	尾白もち	OK4
65.Marygold/buzzG　・スルー	Marygold	buzzG						294	C2	2026/04/10		SKIP
66.あいたい星人/DECO*27　③すBAR	あいたい星人	DECO*27						294	C2	2026/04/10	すBAR	OK3
67.囚人/囚人P　①HAN	囚人	囚人P						294	C2	2026/04/10	HAN	OK1
68.一途な片思い、実らせたい小さな幸せ。/うたたP　④Ha.Ru.	一途な片思い、実らせたい小さな幸せ。	うたたP						294	C2	2026/04/10	Ha.Ru.	OK4
69.感情ディシーブ/ろーある　③ﾏ゛ｯｯｯ	感情ディシーブ	ろーある						294	C2	2026/04/10	ﾏﾞｯｯｯ	OK3
70.ノエル/wotaku　★(9)尾白もち	ノエル	wotaku						294	C2	2026/04/10	尾白もち	WIN9
71.タイムリミット？/Mealerrand　④すBAR	タイムリミット？	Mealerrand						294	C2	2026/04/10	すBAR	OK4
72.パズルガール/とあ　★(10)すBAR	パズルガール	とあ						294	C2	2026/04/10	すBAR	WIN10
73.恋の恋による恋のための恋/ピノキオピー　①やま	恋の恋による恋のための恋	ピノキオピー						294	C2	2026/04/10	やま	OK1
74.Anti Selector/糞田舎P　・スルー	Anti Selector	糞田舎P						294	C2	2026/04/10		SKIP
75.ポルターガイスト/Noz.　・スルー	ポルターガイスト	Noz.						294	C2	2026/04/10		SKIP
76.四季刻歌/綿飴　★(11)Ha.Ru.	四季刻歌	綿飴						294	C2	2026/04/10	Ha.Ru.	WIN11
77.宴/john　④ﾏ゛ｯｯｯ	宴	john						294	C2	2026/04/10	ﾏﾞｯｯｯ	OK4
78.ネタが無いよ〜/GYARI　②やま	ネタが無いよ〜	GYARI						294	C2	2026/04/10	やま	OK2
79.㋰責任集合体/マサラダ　★(12)ﾏ゛ｯｯｯ	㋰責任集合体	マサラダ						294	C2	2026/04/10	ﾏﾞｯｯｯ	WIN12
80.サディ/Fushi　・スルー	サディ	Fushi						294	C2	2026/04/10		SKIP
81.不安定彼女/19's Sound Factory　②HAN	不安定彼女	19's Sound Factory						294	C2	2026/04/10	HAN	OK2
82.ダークロムシンカー/DIVELA　・スルー	ダークロムシンカー	DIVELA						294	C2	2026/04/10		SKIP
83.火の玉をあなたに/Omoi　×HAN→・スルー	火の玉をあなたに	Omoi						294	C2	2026/04/10	HAN	NG		SKIP
84.わすれモノ/いよわ　・スルー	わすれモノ	いよわ						294	C2	2026/04/10		SKIP
85.Word Eater/わかばマークおじさん　・スルー	Word Eater	わかばマークおじさん						294	C2	2026/04/10		SKIP
86.デキソコナイ/ぷく　・スルー	デキソコナイ	ぷく						294	C2	2026/04/10		SKIP
87.インターネッツ・ディスコ/buzzG　③HAN	インターネッツ・ディスコ	buzzG						294	C2	2026/04/10	HAN	OK3
88.百鬼祭/Kanaria　③やま	百鬼祭	Kanaria						294	C2	2026/04/10	やま	OK3
89.Re:birthed/ひとしずくP×やま△　・スルー	Re:birthed	ひとしずく	やま△					294	C2	2026/04/10		SKIP
90.crack/keeno　×やま→④HAN	crack	keeno						294	C2	2026/04/10	やま	NG	HAN	OK4
91.shake it!/emon　★(13)HAN	shake it!	emon(Tes.)						294	C2	2026/04/10	HAN	WIN13
92.たこルカ★マグロフィーバー/samfree　④やま	たこルカ★マグロフィーバー	samfree						294	C2	2026/04/10	やま	OK4
93.被害妄想携帯女子（笑）/Giga　・スルー	被害妄想携帯女子（笑）	ギガ						294	C2	2026/04/10		SKIP
94.ラビットホール/DECO*27　★(14)やま	ラビットホール	DECO*27						294	C2	2026/04/10	やま	WIN14
1.Chaining Intention/Treow　・スルー	Chaining Intention	Treow						294	D1	2026/04/11		SKIP
2.番凩/仕事してP　①つばさ	番凩	仕事してP						294	D1	2026/04/11	つばさ	OK1
3.レディーレ/バルーン　①ひーた	レディーレ	バルーン						294	D1	2026/04/11	ひーた	OK1
4.告白ライバル宣言/HoneyWorks　①あご星人	告白ライバル宣言	HoneyWorks						294	D1	2026/04/11	あご星人	OK1
5.scapecoat/鼻そうめんP　・スルー	scapecoat	鼻そうめんP						294	D1	2026/04/11		SKIP
6.こちら、幸福安心委員会です。/うたたP　①花浅葱	こちら、幸福安心委員会です。	うたたP						294	D1	2026/04/11	花浅葱	OK1
7.Nebula/Tripshots　・スルー	Nebula	Tripshots						294	D1	2026/04/11		SKIP
8.かがくのちからってすげー！/さつきがてんこもり　・スルー	かがくのちからってすげー！	さつき が てんこもり						294	D1	2026/04/11		SKIP
9.夜もすがら君想ふ/TOKOTOKO（西沢さんP）　①こん	夜もすがら君想ふ	TOKOTOKO（西沢さんP）						294	D1	2026/04/11	こん	OK1
10.オラシオン/夜丹れにや　・スルー	オラシオン	夜丹れにや						294	D1	2026/04/11		SKIP
11.ココロ・キセキ/ジュンP　×つばさ→②あご星人	ココロ・キセキ	ジュンP						294	D1	2026/04/11	つばさ	NG	あご星人	OK2
12.ブラック★ロックシューター/ryo　①たいこさん	ブラック★ロックシューター	ryo						294	D1	2026/04/11	たいこさん	OK1
13.デキソコナイ/ぷく　・スルー	デキソコナイ	ぷく						294	D1	2026/04/11		SKIP
14.白い雪のプリンセスは/のぼる↑　①がお〜	白い雪のプリンセスは	のぼる↑						294	D1	2026/04/11	がお〜	OK1
15.しわ/buzzG　③あご星人	しわ	buzzG						294	D1	2026/04/11	あご星人	OK3
16.ヘイセイカタクリズム/ぷす　①水筒	ヘイセイカタクリズム	ぷす						294	D1	2026/04/11	水筒	OK1
17.ビームが撃てたらいいのに/粗品　②ひーた	ビームが撃てたらいいのに	粗品						294	D1	2026/04/11	ひーた	OK2
18.ボーナスステージ/オワタP　②花浅葱	ボーナスステージ	オワタP						294	D1	2026/04/11	花浅葱	OK2
19.ユカユカ☆ヘヴンリーナイト/samfree　③ひーた	ユカユカ☆ヘヴンリーナイト	samfree						294	D1	2026/04/11	ひーた	OK3
20.目覚めたあなたよ幸福たれ/HaTa　×こん→・スルー	目覚めたあなたよ幸福たれ	HaTa						294	D1	2026/04/11	こん	NG		SKIP
21.ハロ／ハワユ/ナノウ　④ひーた	ハロ／ハワユ	ナノウ						294	D1	2026/04/11	ひーた	OK4
22.ディペンダンサー/青栗鼠　②こん	ディペンダンサー	青栗鼠						294	D1	2026/04/11	こん	OK2
23.オペ/蜂屋ななし　④あご星人	オペ	栗山夕璃(蜂屋ななし)						294	D1	2026/04/11	あご星人	OK4
24.RIP=RELEASE/流星P　×つばさ→・スルー	RIP=RELEASE	流星P						294	D1	2026/04/11	つばさ	NG		SKIP
25.ヘイヴン/煮ル果実　★(1)あご星人	ヘイヴン	煮ル果実						294	D1	2026/04/11	あご星人	WIN1
26.伝播超過/shr　・スルー	伝播超過	shr						294	D1	2026/04/11		SKIP
27.囮と致死毒/CapsLack　・スルー	囮と致死毒	CapsLack						294	D1	2026/04/11		SKIP
28.SnowMix♪/まらしぃ　②たいこさん	SnowMix♪	まらしぃ						294	D1	2026/04/11	たいこさん	OK2
29.息を止めると呼吸が出来なくなってしまうよ/三角コナ　★(2)ひーた	息を止めると呼吸が出来なくなってしまうよ	三角コナ						294	D1	2026/04/11	ひーた	WIN2
30.わたしのアール/和田たけあき　③こん	わたしのアール	和田たけあき						294	D1	2026/04/11	こん	OK3
31.ムシクイサイケデリズム/ぷす　②がお〜	ムシクイサイケデリズム	ぷす						294	D1	2026/04/11	がお〜	OK2
32.ちっちゃな私/マサラダ　③たいこさん	ちっちゃな私	マサラダ						294	D1	2026/04/11	たいこさん	OK3
33.ECHO/Crusher-P　④こん	ECHO	Crusher						294	D1	2026/04/11	こん	OK4
34.サンキュー虚無感/羽生まゐご　・スルー	サンキュー虚無感	羽生まゐご						294	D1	2026/04/11		SKIP
35.怪盗ハッチさん/謎J　②水筒	怪盗ハッチさん	謎J						294	D1	2026/04/11	水筒	OK2
36.Fondant Step/Heavenz　③がお〜	Fondant Step	Heavenz						294	D1	2026/04/11	がお〜	OK3
37.ヨヒラ/n-buna　④がお〜	ヨヒラ	n-buna						294	D1	2026/04/11	がお〜	OK4
38.衝動×パンデモニクス/PolyphonicBranch　・スルー	衝動×パンデモニクス	ぽりふぉ						294	D1	2026/04/11		SKIP
39.月・影・舞・華/銀河方面P　②つばさ	月・影・舞・華	銀河方面P						294	D1	2026/04/11	つばさ	OK2
40.BURNING/梅とら　・スルー	BURNING	梅とら						294	D1	2026/04/11		SKIP
41.マトリョシカ/ハチ　★(3)こん	マトリョシカ	ハチ						294	D1	2026/04/11	こん	WIN3
42.キノコがはえてる!!/cosMo＠暴走P　①ふわふわ	キノコがはえてる!!	cosMo@暴走P						294	D1	2026/04/11	ふわふわ	OK1
43.カニ カニ カニ。/Ingen　・スルー	カニ カニ カニ。	Ingen						294	D1	2026/04/11		SKIP
44.猛独が襲う/一二三　★(4)がお〜	猛独が襲う	一二三						294	D1	2026/04/11	がお〜	WIN4
45.いろは唄/銀サク　③つばさ	いろは唄	銀サク						294	D1	2026/04/11	つばさ	OK3
46.おじいちゃんはこない/オワタP　・スルー	おじいちゃんはこない	オワタP						294	D1	2026/04/11		SKIP
47.カナシキヒステリックガール/ナノウ　・スルー	カナシキヒステリックガール	ナノウ						294	D1	2026/04/11		SKIP
48.違うよ〜^^/A4。　・スルー	違うよ〜^^	A4。						294	D1	2026/04/11		SKIP
49.火の玉をあなたに/Omoi　・スルー	火の玉をあなたに	Omoi						294	D1	2026/04/11		SKIP
50.心拍数♯0822/蝶々P　④つばさ	心拍数♯0822	蝶々P						294	D1	2026/04/11	つばさ	OK4
51.崩壊歌姫 -disruptive diva-/マチゲリータP　・スルー	崩壊歌姫 -disruptive diva-	マチゲリータ						294	D1	2026/04/11		SKIP
52.テスラは夢の中/TOKOTOKO（西沢さんP）　★(5)つばさ	テスラは夢の中	TOKOTOKO（西沢さんP）						294	D1	2026/04/11	つばさ	WIN5
53.アウトサイダー/Eve　③花浅葱	アウトサイダー	Eve						294	D1	2026/04/11	花浅葱	OK3
54.レイジー・クルーズ/cat nap　・スルー	レイジー・クルーズ	ねこむら						294	D1	2026/04/11		SKIP
55.ヸシュヌ/wotaku　×たいこさん→④花浅葱	ヸシュヌ	wotaku						294	D1	2026/04/11	たいこさん	NG	花浅葱	OK4
56.幻奏歌/フェイP　・スルー	幻奏歌	フェイP						294	D1	2026/04/11		SKIP
57.リア充爆発しろ！/KAZU-k　・スルー	リア充爆発しろ！	KAZU-k						294	D1	2026/04/11		SKIP
58.うつけ論争/獅子志司　③水筒	うつけ論争	獅子志司						294	D1	2026/04/11	水筒	OK3
59.ポケットのモンスター/ピノキオピー　★(6)花浅葱	ポケットのモンスター	ピノキオピー						294	D1	2026/04/11	花浅葱	WIN6
60.水音とカーテン/MIMI　・スルー	水音とカーテン	MIMI						294	D1	2026/04/11		SKIP
61.そして夜と灯る/MIMI　・スルー	そして夜と灯る	MIMI						294	D1	2026/04/11		SKIP
62.ゆめのかたち/ふわりP　・スルー	ゆめのかたち	ふわりP						294	D1	2026/04/11		SKIP
63.アスノヨゾラ哨戒班/Orangestar　④たいこさん	アスノヨゾラ哨戒班	Orangestar						294	D1	2026/04/11	たいこさん	OK4
64.Ribbon/sabio　②ふわふわ	Ribbon	sabio						294	D1	2026/04/11	ふわふわ	OK2
65.ネタが無いよ〜/GYARI　★(7)たいこさん	ネタが無いよ〜	GYARI						294	D1	2026/04/11	たいこさん	WIN7
66.ショットガン・ラヴァーズ/のぼる↑　・スルー	ショットガン・ラヴァーズ	のぼる↑						294	D1	2026/04/11		SKIP
67.しんでしまうとはなさけない！/ワンダフル☆オポチュニティ！　④水筒	しんでしまうとはなさけない！	ワンダフル★オポチュニティ！						294	D1	2026/04/11	水筒	OK4
68.惑星ループ/ナユタン星人　③ふわふわ	惑星ループ	ナユタン星人						294	D1	2026/04/11	ふわふわ	OK3
69.Track/ハヤシケイ　・スルー	Track	ハヤシケイ						294	D1	2026/04/11		SKIP
70.アニマル/DECO*27　★(8)水筒	アニマル	DECO*27						294	D1	2026/04/11	水筒	WIN8
71.ロケットサイダー/ナユタン星人　④ふわふわ	ロケットサイダー	ナユタン星人						294	D1	2026/04/11	ふわふわ	OK4
72.ライアーダンス/DECO*27　×ふわふわ→・スルー	ライアーダンス	DECO*27						294	D1	2026/04/11	ふわふわ	NG		SKIP
73.ダーリン/MARETU　★(9)ふわふわ	ダーリン	MARETU						294	D1	2026/04/11	ふわふわ	WIN9
1.少女溶解/砂粒 ①ホワイト	少女溶解	砂粒						294	A	2026/04/11	ホワイト	OK1
2.アイノ/とあ　②ホワイト	アイノ	とあ						294	A	2026/04/11	ホワイト	OK2
3.アンチナイター/takaken　①影山	アンチナイター	takaken						294	A	2026/04/11	影山	OK1
4.ユーチューバー/ピノキオピー　①と	ユーチューバー	ピノキオピー						294	A	2026/04/11	と	OK1
5.エンプレス＝ディスコ/nyanyannya　①眠くない人	エンプレス＝ディスコ	nyanyannya						294	A	2026/04/11	眠くない人	OK1
6.Melody Line/SmileR　③ホワイト	Melody Line	SmileR						294	A	2026/04/11	ホワイト	OK3
7.ナイトルール/煮ル果実　①テフミネ	ナイトルール	煮ル果実						294	A	2026/04/11	テフミネ	OK1
8.いつか笑顔、いつも笑顔/たまぁ〜ず　×テフミネ→②と	いつか笑顔、いつも笑顔	たまぁ〜ず						294	A	2026/04/11	テフミネ	NG	と	OK2
9.Lap Tap Love/koyori　③と	Lap Tap Love	koyori(電ポルP)						294	A	2026/04/11	と	OK3
10.South North Story/mothy　②眠くない人	South North Story	悪ノP						294	A	2026/04/11	眠くない人	OK2
11.Last Night, Good Night/kz ②影山	Last Night, Good Night	kz						294	A	2026/04/11	影山	OK2
12.再会/はるまきごはん　③影山	再会	はるまきごはん						294	A	2026/04/11	影山	OK3
13.ワールドワイドワンダー/TOKOTOKO　④影山	ワールドワイドワンダー	TOKOTOKO（西沢さんP）						294	A	2026/04/11	影山	OK4
14.GOAT!/黒うさぎ　★(1)影山	GOAT!	黒うさぎ						294	A	2026/04/11	影山	WIN1
15.ゾンビーヌ/融合P ×眠くない人→×と→×にーも→×ぬーん→×テフミネ→④ホワイト	ゾンビーヌ	融合P						294	A	2026/04/11	眠くない人	NG	と	NG	にーも	NG	ぬーん	NG	テフミネ	NG	ホワイト	OK4
16.サーーードアイ!!!!/和田たけあき　①とつは	サーーードアイ!!!!	和田たけあき						294	A	2026/04/11	とつは	OK1
17.ARiA/toku　①ゲオス	ARiA	とくP						294	A	2026/04/11	ゲオス	OK1
18.マジカルシンメトリ/tilt　×ホワイト→①ぬーん	マジカルシンメトリ	tilt-six						294	A	2026/04/11	ホワイト	NG	ぬーん	OK1
19.Nostalogic (MEIKO-SAN mix)/yuukiss　②ゲオス	Nostalogic	yuukiss						294	A	2026/04/11	ゲオス	OK2
20.廃園遊戯/メレル　×テフミネ→②ぬーん	廃園遊戯	メレル						294	A	2026/04/11	テフミネ	NG	ぬーん	OK2
21.ベルコメン/香椎モイミ　③眠くない人	ベルコメン	香椎モイミ						294	A	2026/04/11	眠くない人	OK3
22.なつのみぞれ /nakano4　×とつは→①最強の私	なつのみぞれ	nakano4						294	A	2026/04/11	とつは	NG	最強の私	OK1
23.灯火の命題/さまぐら　③ぬーん	灯火の命題	さまぐら						294	A	2026/04/11	ぬーん	OK3
24.OhSOS!!!/カルロス袴田　★(2)ホワイト	OhSOS!!!	カルロス袴田(サイゼP)						294	A	2026/04/11	ホワイト	WIN2
25.きみをわすれない/ryo　③ゲオス	きみをわすれない	ryo						294	A	2026/04/11	ゲオス	OK3
26.萌す心を/一二三　①にーも	萌す心を	一二三						294	A	2026/04/11	にーも	OK1
27.ハートビート・フロムユー/TOKOTOKO　×とつは→④と	ハートビート・フロムユー	TOKOTOKO（西沢さんP）						294	A	2026/04/11	とつは	NG	と	OK4
28.いっせーのーで/MIMI ④ゲオス	いっせーのーで	MIMI						294	A	2026/04/11	ゲオス	OK4
29.花は桜木、人は君/チームカミウタ　★(3)ゲオス	花は桜木、人は君	チームカミウタ						294	A	2026/04/11	ゲオス	WIN3
30.音楽の聴き方/呆　スルー	音楽の聴き方	呆						294	A	2026/04/11		SKIP
31.月歌/ekl　④眠くない人	月歌	あわあわP						294	A	2026/04/11	眠くない人	OK4
32.甘噛みでおねがい/ピノキオピー　★(4)と	甘噛みでおねがい	ピノキオピー						294	A	2026/04/11	と	WIN4
33.歌唱するキカイ/阿修　②最強の私	歌唱するキカイ	阿修						294	A	2026/04/11	最強の私	OK2
34.ギガンティックO.T.N/ギガ　★(5)眠くない人	ギガンティックO.T.N	ギガ						294	A	2026/04/11	眠くない人	WIN5
35.文学少年の憂鬱/ナノウ　②テフミネ	文学少年の憂鬱	ナノウ						294	A	2026/04/11	テフミネ	OK2
36.fanfan/イママ ×テフミネ→スルー	fanfan	イママ						294	A	2026/04/11	テフミネ	NG		SKIP
37.ハッピーサワー/まんまるこーき　④ぬーん	ハッピーサワー	まんまるこーき						294	A	2026/04/11	ぬーん	OK4
38.ワンコール・ラブコール/ショミ　スルー	ワンコール・ラブコール	ショミ						294	A	2026/04/11		SKIP
39.DUCTFOOD/yowanecity　★(6)ぬーん	DUCTFOOD	yowanecity						294	A	2026/04/11	ぬーん	WIN6
40.ゆゆ/mahito ②とつは	ゆゆ	mahito						294	A	2026/04/11	とつは	OK2
41.夜もすがら君想ふ/TOKOTOKO　③最強の私	夜もすがら君想ふ	TOKOTOKO（西沢さんP）						294	A	2026/04/11	最強の私	OK3
42.オーバーライド/吉田夜世 ③とつは	オーバーライド	吉田夜世						294	A	2026/04/11	とつは	OK3
43.Rinascita〜始まりの謳〜/hinayukki スルー	Rinascita〜始まりの謳〜	仕事してP						294	A	2026/04/11		SKIP
44.紅一葉/黒うさ　②にーも	紅一葉	黒うさP						294	A	2026/04/11	にーも	OK2
45.デビルじゃないもん/DECO*27,ピノキオピー　④最強の私	デビルじゃないもん	DECO*27	ピノキオピー					294	A	2026/04/11	最強の私	OK4
46.月光潤色ガール/れるりり　①RRR	月光潤色ガール	れるりり						294	A	2026/04/11	RRR	OK1
47.好きでもいいでしょ/ちいたな　②RRR	好きでもいいでしょ	ちいたな						294	A	2026/04/11	RRR	OK2
48.アナタ生態観察/百夜カエル　スルー	アナタ生態観察	百夜カエル						294	A	2026/04/11		SKIP
49.スターマイン/Nem　スルー	スターマイン	Nem						294	A	2026/04/11		SKIP
50.スターダストメドレー/きさら　④とつは	スターダストメドレー	きさら						294	A	2026/04/11	とつは	OK4
51.オーヴァードーズ/U-Ray　スルー	オーヴァードーズ	U-ray						294	A	2026/04/11		SKIP
52.ネタソネピーポー/あめのむらくもP ③RRR	ネタソネピーポー	あめのむらくもP						294	A	2026/04/11	RRR	OK3
53.Fate of Soul〜ピリオドの向こうの闇〜/samfree　③にーも	Fate of Soul〜ピリオドの向こうの闇〜	samfree						294	A	2026/04/11	にーも	OK3
54.Glorious World/蝶々P ④にーも	Glorious World	蝶々P						294	A	2026/04/11	にーも	OK4
55.妄想アスパルテーム/picco　★(7)とつは	妄想アスパルテーム	picco						294	A	2026/04/11	とつは	WIN7
56.ぜったいだった！！！！/内緒の秘密　①時雨	ぜったいだった！！！！	内緒の秘密						294	A	2026/04/11	時雨	OK1
57.ミルキー(Milky)/HotaRu　スルー	ミルキー(Milky)	HotaRu						294	A	2026/04/11		SKIP
58.Day&Night/Aqu3ra　★(8)にーも	Day&Night	Aqu3ra						294	A	2026/04/11	にーも	WIN8
59.ウィーニーウォーカー/youまん　★(9)最強の私	ウィーニーウォーカー	youまん						294	A	2026/04/11	最強の私	WIN9
60.恋愛デコレート/あん　②時雨	恋愛デコレート	あんP						294	A	2026/04/11	時雨	OK2
61.未来創造日記 /はるな。 ③時雨	未来創造日記	はるな。						294	A	2026/04/11	時雨	OK3
62.夜明けと蛍 /n-buna ④時雨	夜明けと蛍	n-buna						294	A	2026/04/11	時雨	OK4
63.Makes You a Fighter/梅とら　★(10)時雨	Makes You a Fighter	梅とら						294	A	2026/04/11	時雨	WIN10
64.Sweet's Beast/めんでぇ　④RRR	Sweet's Beast	めんでぇP						294	A	2026/04/11	RRR	OK4
65.小夜子/みきとP　スルー	小夜子	みきとP						294	A	2026/04/11		SKIP
66.ネクストネスト/さつき が てんこもり　★(11)RRR	ネクストネスト	さつき が てんこもり						294	A	2026/04/11	RRR	WIN11
01.キズ/ハヤシケイ　×ぶどくん	キズ	ハヤシケイ						294	C1	2026/04/11	ぶどくん	NG		SKIP
02.アングレイデイズ/ツミキ　①稲葉快晴	アングレイデイズ	ツミキ						294	C1	2026/04/11	稲葉快晴	OK1
03.FPS/Neru　①しゃい	FPS	Neru						294	C1	2026/04/11	しゃい	OK1
04.時殺/Seeka.　①祝公式	時殺	Seeka.						294	C1	2026/04/11	祝公式	OK1
05.サンパチスター/粗品　②しゃい	サンパチスター	粗品						294	C1	2026/04/11	しゃい	OK2
06.on the rocks/OSTER project　①Abbey	on the rocks	OSTER project						294	C1	2026/04/11	Abbey	OK1
07.残灯花火/Orangestar　②Abbey	残灯花火	Orangestar						294	C1	2026/04/11	Abbey	OK2
08.アメイジング・マジシャン/Mitchie M　③Abbey	アメイジング・マジシャン	Mitchie M						294	C1	2026/04/11	Abbey	OK3
09.Unfragment/鼻そうめんP　・スルー	Unfragment	鼻そうめんP						294	C1	2026/04/11		SKIP
10.祝ってやる/おにゅうP　②祝公式	祝ってやる	おにゅうP						294	C1	2026/04/11	祝公式	OK2
11.マーシーキリング/いよわ　④Abbey	マーシーキリング	いよわ						294	C1	2026/04/11	Abbey	OK4
12.感情の色/N1N63N　・スルー	感情の色	人間合格						294	C1	2026/04/11		SKIP
13.月光/はるまきごはん×キタニタツヤ　★(1)Abbey	月光	はるまきごはん	こんにちは谷田さん					294	C1	2026/04/11	Abbey	WIN1
14.足んないわ/Ruliea　×ぶどくん→①あさぼらけ	足んないわ	Ruliea						294	C1	2026/04/11	ぶどくん	NG	あさぼらけ	OK1
15.ティーンエイジエイプリルフール/あばば　・スルー	ティーンエイジエイプリルフール	あばば						294	C1	2026/04/11		SKIP
16.トウメイショウジョ/ゆずひこ　・スルー	トウメイショウジョ	ゆずひこ						294	C1	2026/04/11		SKIP
17.ハイスペックニート/40mP　③しゃい	ハイスペックニート	40mP						294	C1	2026/04/11	しゃい	OK3
18.天樂/ゆうゆ　④しゃい	天樂	ゆうゆ						294	C1	2026/04/11	しゃい	OK4
19.何それ人生みたいじゃん/百夜カエル　×ぶどくん→③祝公式	何それ人生みたいじゃん	百夜カエル						294	C1	2026/04/11	ぶどくん	NG	祝公式	OK3
20.フキゲンワルツ/OSTER project　・スルー	フキゲンワルツ	OSTER project						294	C1	2026/04/11		SKIP
21.三日月ステップ 2023/r-906　②稲葉快晴	三日月ステップ	r-906						294	C1	2026/04/11	稲葉快晴	OK2
22.シンユウ/wotaku　★(2)しゃい	シンユウ	wotaku						294	C1	2026/04/11	しゃい	WIN2
23.風音のクロニクル/Neru　×稲葉快晴	風音のクロニクル	Neru						294	C1	2026/04/11	稲葉快晴	NG		SKIP
24.紙飛行機/囚人P　④祝公式	紙飛行機	囚人P						294	C1	2026/04/11	祝公式	OK4
25.ジレンマ/DECO*27　③稲葉快晴	ジレンマ	DECO*27						294	C1	2026/04/11	稲葉快晴	OK3
26.アマルガムメモリー/Fujiyama×amos　・スルー	アマルガムメモリー	Fujiyama	amos					294	C1	2026/04/11		SKIP
27.トウキョウダイバアフェイクショウ/ツミキ　×祝公式→④稲葉快晴	トウキョウダイバアフェイクショウ	ツミキ						294	C1	2026/04/11	祝公式	NG	稲葉快晴	OK4
28.クーネル・エンゲイザー/電ǂ鯨　★(3)稲葉快晴	クーネル・エンゲイザー	電ǂ鯨						294	C1	2026/04/11	稲葉快晴	WIN3
29.魔法少女とチョコレゐト/ピノキオピー　①ぶどくん	魔法少女とチョコレゐト	ピノキオピー						294	C1	2026/04/11	ぶどくん	OK1
30.スペクタクルチューン/融合P　・スルー	スペクタクルチューン	融合P						294	C1	2026/04/11		SKIP
31.綱渡り/otetsu　・スルー	綱渡り	otetsu						294	C1	2026/04/11		SKIP
32.ハートは万華鏡/えこまる　・スルー	ハートは万華鏡	えこ。						294	C1	2026/04/11		SKIP
33.サイコセンス/絶海　・スルー	サイコセンス	絶海						294	C1	2026/04/11		SKIP
34.硝子細工のオルゴール/銀河方面P　・スルー	硝子細工のオルゴール	銀河方面P						294	C1	2026/04/11		SKIP
35.告白予行練習/HoneyWorks　★(4)祝公式	告白予行練習	HoneyWorks						294	C1	2026/04/11	祝公式	WIN4
36.地獄アイドル『ラブリーデストロイ』/SLAVE.V-V-R　・スルー	地獄アイドル『ラブリーデストロイ』	SLAVE.V-V-R						294	C1	2026/04/11		SKIP
37.キミガ望ムモノ/梅とら　・スルー	キミガ望ムモノ	梅とら						294	C1	2026/04/11		SKIP
38.紲月歌/Bumpyうるし　・スルー	紲月歌	Bumpyうるし						294	C1	2026/04/11		SKIP
39.ヘレシー・クエスチョン/しーくん　・スルー	ヘレシー・クエスチョン	しーくん						294	C1	2026/04/11		SKIP
40.雁首、揃えてご機嫌よう/卯花ロク　②ぶどくん	雁首、揃えてご機嫌よう	卯花ロク						294	C1	2026/04/11	ぶどくん	OK2
41.イガク/原口沙輔　③ぶどくん	イガク	原口沙輔						294	C1	2026/04/11	ぶどくん	OK3
42.夢の話をきかせて/沢田凛　・スルー	夢の話をきかせて	沢田凛						294	C1	2026/04/11		SKIP
43.一途な片思い、実らせたい小さな幸せ。/うたたP　・スルー	一途な片思い、実らせたい小さな幸せ。	うたたP						294	C1	2026/04/11		SKIP
44.キッカイケッタイ/メドミア　④ぶどくん	キッカイケッタイ	メドミア						294	C1	2026/04/11	ぶどくん	OK4
45.アイボリー/Aqu3ra　★(5)ぶどくん	アイボリー	Aqu3ra						294	C1	2026/04/11	ぶどくん	WIN5
46.ウヅラフ/いちた　・スルー	ウヅラフ	いちた						294	C1	2026/04/11		SKIP
47.proof of life/ひとしずくP　・スルー	proof of life	ひとしずく						294	C1	2026/04/11		SKIP
48.アンドロメダアンドロメダ/ナユタン星人　②あさぼらけ	アンドロメダアンドロメダ	ナユタン星人						294	C1	2026/04/11	あさぼらけ	OK2
49.purpose/doriko　③あさぼらけ	purpose	doriko						294	C1	2026/04/11	あさぼらけ	OK3
50.東京ジェノサイド/Virsin Noize　・スルー	東京ジェノサイド	Virgin Noize						294	C1	2026/04/11		SKIP
51.インターネッツ・ディスコ/buzzG　・スルー	インターネッツ・ディスコ	buzzG						294	C1	2026/04/11		SKIP
52.タクシィ/Chinozo　①すぼ	タクシィ	Chinozo						294	C1	2026/04/11	すぼ	OK1
53.キャラバン/syudou　②すぼ	キャラバン	syudou						294	C1	2026/04/11	すぼ	OK2
54.ブラック★ロックシューター/ryo　③すぼ	ブラック★ロックシューター	ryo						294	C1	2026/04/11	すぼ	OK3
55.わかれみち/大漠波新　④すぼ	わかれみち	大漠波新						294	C1	2026/04/11	すぼ	OK4
56.アンリアル/DIVELA　★(6)すぼ	アンリアル	DIVELA						294	C1	2026/04/11	すぼ	WIN6
57.Sadistic.Music∞Factory/cosMo@暴走P　・スルー	Sadistic.Music∞Factory	cosMo@暴走P						294	C1	2026/04/11		SKIP
58.RED STAR/梅とら　・スルー	RED STAR	梅とら						294	C1	2026/04/11		SKIP
59.Q。/Aira　④あさぼらけ	Q。	Aira						294	C1	2026/04/11	あさぼらけ	OK4
60.EASYGOING RIDER/ヤブイヌ　・スルー	EASYGOING RIDER	ヤブイヌ						294	C1	2026/04/11		SKIP
61.マッチ売りの転売ヤー/謎J　★(7)あさぼらけ	マッチ売りの転売ヤー	謎J						294	C1	2026/04/11	あさぼらけ	WIN7
