original	contentId	song	artist.0	artist.1	artist.2	artist.3	artist.4	artist.5
sm2651288	sm7414953	Dear Remix-Edition	19's Sound Factory					
	sm37731250	盲信癖	Riei					
	sm44093594	ウキヨバナレディー	buzzG					
	sm20247382	完全な構想	shr					
	sm45972788	うるたーる	藤原ハガネ					
	sm26071526	It doesn't matter anyway	23.exe					
	sm45818718	ネクラチューンサーカス	かいりきベア					
	sm19233746	Gretel in HALLOWEEN HOUSE	デン					
	sm39032334	東京グレースケール	yowanecity					
	sm41946231	境界線でダンス	バーミーズ					
	sm44375102	天使みたいだ。	usagi					
	sm46547830	ダミーロマンス	DECO*27					
	sm45920940	星が降りてきた	ごめんなさいが言えなくて					
	sm46091306	告白	内緒のピアス					
	sm46694295	ぐぬぬ	読谷あかね					
	sm32053506	ヴィンテージ・モディファイ	薄塩指数					
	sm46700619	されど空転	ぬゆり					
	sm29788690	ブラッディメアリー	しもの。					
	sm24935631	OneMoreTime!	23.exe					
	sm29601342	螺旋回廊	赤ティン					
	so46448552	空に免じて	傘村トータ					
	sm37228267	ため息ついちゃう恋のうた。	沢田凛					
	sm46702965	お散歩クラブへようこそ！	タケノコ少年					
sm10187442	sm11050741	はやぶさ-Welcome Back Version-	キセノンP					