01.可不ちゃんのカレーうどん狂騒曲 / 南ノ南　①間宵	可不ちゃんのカレーうどん狂騒曲	南ノ南						319	D2	2026/10/02	間宵	OK1
02.Flyer! / Chinozo　①777	Flyer!	Chinozo						319	D2	2026/10/02	777	OK1
03.花溺れ / shikisai　①あさぼらけ	花溺れ	shikisai						319	D2	2026/10/02	あさぼらけ	OK1
04.きゅうくらりん / いよわ　②間宵	きゅうくらりん	いよわ						319	D2	2026/10/02	間宵	OK2
05.モノクロ∞ブルースカイ / のぼる↑　②777	モノクロ∞ブルースカイ	のぼる↑						319	D2	2026/10/02	777	OK2
06.すーぱーぬこわーるど / まふまふ　③777	すーぱーぬこわーるど	まふまふ						319	D2	2026/10/02	777	OK3
07.頓珍漢の宴 / ピノキオピー　③間宵	頓珍漢の宴	ピノキオピー						319	D2	2026/10/02	間宵	OK3
08.ただ一度とないあの夏へ / 椎乃味醂　①しがない炭酸飲料	ただ一度とないあの夏へ	椎乃味醂						319	D2	2026/10/02	しがない炭酸飲料	OK1
09.しゅうまつがやってくる / sasakure.UK　×間宵→①あご星人	しゅうまつがやってくる！	sasakure.UK						319	D2	2026/10/02	間宵	NG	あご星人	OK1
10.自堕楽 / こめだわら　②あご星人	自堕楽	こめだわら						319	D2	2026/10/02	あご星人	OK2
11.妄想疾患■ガール / れるりり・もじゃ　②しがない炭酸飲料	妄想疾患■ガール	れるりり	もじゃ					319	D2	2026/10/02	しがない炭酸飲料	OK2
12.深海シティアンダーグラウンド / 田中B　④777	深海シティアンダーグラウンド	田中B						319	D2	2026/10/02	777	OK4
13.ドーピングダンス / STEAKA　①なゆ	ドーピングダンス	STEAKA						319	D2	2026/10/02	なゆ	OK1
14.オペラ！スペースオペラ！/ ナユタン星人　★(1)777	オペラ！スペースオペラ！	ナユタン星人						319	D2	2026/10/02	777	WIN1
15.さよならワンダーノイズ / n-buna　①どらやき	さよならワンダーノイズ	n-buna						319	D2	2026/10/02	どらやき	OK1
16.サラリーマンのうた / 彩音P　×間宵→③あご星人	サラリーマンのうた	彩音						319	D2	2026/10/02	間宵	NG	あご星人	OK3
17.デビットビット / アボガド6　②あさぼらけ	デビットビット	アボガド6						319	D2	2026/10/02	あさぼらけ	OK2
18.ねむるまち / くじら　③しがない炭酸飲料	ねむるまち	くじら						319	D2	2026/10/02	しがない炭酸飲料	OK3
19.あなたにはなれない / 椎乃味醂　②なゆ	あなたにはなれない	椎乃味醂						319	D2	2026/10/02	なゆ	OK2
20.撥条少女時計 / Drop&葉月ゆら　②どらやき	撥条少女時計	Drop	葉月ゆら					319	D2	2026/10/02	どらやき	OK2
21.ラストダンス / Eve　①アルカリ	ラストダンス	Eve						319	D2	2026/10/02	アルカリ	OK1
22.スーサイドパレヱド / ユリイ・カノン　④間宵	スーサイドパレヱド	ユリイ・カノン						319	D2	2026/10/02	間宵	OK4
23.きみがすき / yukkedoluce　×間宵→①防虫剤	きみがすき	yukkedoluce						319	D2	2026/10/02	間宵	NG	防虫剤	OK1
24.愛及屋烏 / バルーン　③どらやき	愛及屋烏	バルーン						319	D2	2026/10/02	どらやき	OK3
25.さよならテンダー / 電ポルP　④あご星人	さよならテンダー	koyori(電ポルP)						319	D2	2026/10/02	あご星人	OK4
26.ヤクソクの種 / 40mP　×しがない炭酸飲料→×水風船→×あさぼらけ→×どらやき→★(2)あご星人	ヤクソクの種	40mP						319	D2	2026/10/02	しがない炭酸飲料	NG	水風船	NG	あさぼらけ	NG	どらやき	NG	あご星人	WIN2
27.アヤノの幸福理論 / じん　①なるなるひつじ	アヤノの幸福理論	じん						319	D2	2026/10/02	なるなるひつじ	OK1
28.画脂鏤氷 / かんてゐく　×間宵→②なるなるひつじ	画脂鏤氷	かんてゐく						319	D2	2026/10/02	間宵	NG	なるなるひつじ	OK2
29.心臓デモクラシー / みきとP　④どらやき	心臓デモクラシー	みきとP						319	D2	2026/10/02	どらやき	OK4
30.ニジイロストーリーズ / OSTER project　①おはよう	ニジイロストーリーズ	OSTER project						319	D2	2026/10/02	おはよう	OK1
31.ノウナイディスコ / r-906　★(3)どらやき	ノウナイディスコ	r-906						319	D2	2026/10/02	どらやき	WIN3
32.あの夏が飽和する。2020ver. / カンザキイオリ　④しがない炭酸飲料	あの夏が飽和する。	カンザキイオリ						319	D2	2026/10/02	しがない炭酸飲料	OK4
33.アヤカシ / buzzG　×なゆ	アヤカシ	buzzG						319	D2	2026/10/02	なゆ	NG		SKIP
34.Surges / Orangestar　②アルカリ	Surges	Orangestar						319	D2	2026/10/02	アルカリ	OK2
35.太陽系デスコ / ナユタン星人　★(4)間宵	太陽系デスコ	ナユタン星人						319	D2	2026/10/02	間宵	WIN4
36.嬢王 / 八王子P　②おはよう	嬢王	八王子P						319	D2	2026/10/02	おはよう	OK2
37.花降らし / n-buna　★(5)しがない炭酸飲料	花降らし	n-buna						319	D2	2026/10/02	しがない炭酸飲料	WIN5
38.妄想税 / DECO*27　③なるなるひつじ	妄想税	DECO*27						319	D2	2026/10/02	なるなるひつじ	OK3
39.今好きになる。-triangle story- / HoneyWorks　③あさぼらけ	今好きになる。 -triangle story-	HoneyWorks						319	D2	2026/10/02	あさぼらけ	OK3
40.命辛辛 / 煮ル果実　×水風船→①今日日	命辛辛	煮ル果実						319	D2	2026/10/02	水風船	NG	今日日	OK1
41.パラサイト / DECO*27　③アルカリ	パラサイト	DECO*27						319	D2	2026/10/02	アルカリ	OK3
42.キミ以上、ボク未満。/ DECO*27　④あさぼらけ	キミ以上、ボク未満。	DECO*27						319	D2	2026/10/02	あさぼらけ	OK4
43.初音ミクの戸惑（LONG VERSION）/ cosMo@暴走P　②防虫剤	初音ミクの戸惑	cosMo@暴走P						319	D2	2026/10/02	防虫剤	OK2
44.ステイルメイト / Re:nG　・スルー	ステイルメイト	Re:nG						319	D2	2026/10/02		SKIP
45.アンチクロロベンゼン / オワタP　③防虫剤	アンチクロロベンゼン	オワタP						319	D2	2026/10/02	防虫剤	OK3
46.青色絵具 / くじら　①水風船	青色絵具	くじら						319	D2	2026/10/02	水風船	OK1
47.Awake Now / 雄之助　★(6)あさぼらけ	Awake Now	雄之助						319	D2	2026/10/02	あさぼらけ	WIN6
48.マーシャル・マキシマイザー / 柊マグネタイト　④アルカリ	マーシャル・マキシマイザー	柊マグネタイト						319	D2	2026/10/02	アルカリ	OK4
49.ストラトステラ / ナユタン星人　④なるなるひつじ	ストラトステラ	ナユタン星人						319	D2	2026/10/02	なるなるひつじ	OK4
50.サーーードアイ!!!! / 和田たけあき　③なゆ	サーーードアイ!!!!	和田たけあき						319	D2	2026/10/02	なゆ	OK3
51.さようなら、花泥棒さん / メル　★(7)アルカリ	さようなら、花泥棒さん	メル						319	D2	2026/10/02	アルカリ	WIN7
52.十面相 / YM　④防虫剤	十面相	YM						319	D2	2026/10/02	防虫剤	OK4
53.ヨンジュウナナ / みきとP　★(8)防虫剤	ヨンジュウナナ	みきとP						319	D2	2026/10/02	防虫剤	WIN8
54.パンダヒーロー / ハチ　★(9)なるなるひつじ	パンダヒーロー	ハチ						319	D2	2026/10/02	なるなるひつじ	WIN9
55.サマータイムレコード / じん　②水風船	サマータイムレコード	じん						319	D2	2026/10/02	水風船	OK2
56.飛行少女 / ナユタン星人　・スルー	飛行少女	ナユタン星人						319	D2	2026/10/02		SKIP
57.電脳学級会で会いましょう / いよわ　×今日日→④なゆ	電脳学級会で会いましょう	いよわ						319	D2	2026/10/02	今日日	NG	なゆ	OK4
58.ティアラ / せきこみごはん　③水風船	ティアラ	せきこみごはん						319	D2	2026/10/02	水風船	OK3
59.分かっちゃいないね / ﾏﾅﾑｼﾞｬﾊﾟﾝ　③おはよう	分かっちゃいないね	monet						319	D2	2026/10/02	おはよう	OK3
60.歌唱するキカイ / 阿修　×おはよう→×なゆ	歌唱するキカイ	阿修						319	D2	2026/10/02	おはよう	NG	なゆ	NG		SKIP
61.チェリーポップ / DECO*27　④水風船	チェリーポップ	DECO*27						319	D2	2026/10/02	水風船	OK4
62.ラヴィット / ピノキオピー　②今日日	ラヴィット	ピノキオピー						319	D2	2026/10/02	今日日	OK2
63.右肩の蝶 / のりぴー　④おはよう	右肩の蝶	のりぴー						319	D2	2026/10/02	おはよう	OK4
64.オブソミート / サツキ　★(10)水風船	オブソミート	サツキ						319	D2	2026/10/02	水風船	WIN10
65.嘘ミーム / ピノキオピー　×おはよう	嘘ミーム	ピノキオピー						319	D2	2026/10/02	おはよう	NG		SKIP
66.ツギハギスタッカート / とあ　①白旗	ツギハギスタッカート	とあ						319	D2	2026/10/02	白旗	OK1
67.すきなことだけでいいです / ピノキオピー　③今日日	すきなことだけでいいです	ピノキオピー						319	D2	2026/10/02	今日日	OK3
68.パイロキネシス / saiB　★(11)おはよう	パイロキネシス	saiB						319	D2	2026/10/02	おはよう	WIN11
69.好き！雪！本気マジック / Mitchie M　④今日日	好き！雪！本気マジック	Mitchie M						319	D2	2026/10/02	今日日	OK4
70.ロスタイムメモリー / じん　★(12)なゆ	ロスタイムメモリー	じん						319	D2	2026/10/02	なゆ	WIN12
71.個々々々々々人 / Sohbana　②白旗	個々々々々々人	Sohbana						319	D2	2026/10/02	白旗	OK2
72.バラバラココロ / かいりきベア　★(13)今日日	バラバラココロ	かいりきベア						319	D2	2026/10/02	今日日	WIN13
73.アニマル / DECO*27　③白旗	アニマル	DECO*27						319	D2	2026/10/02	白旗	OK3
74.ループザルーム / ルシノ　・スルー	ループザルーム	ルシノ						319	D2	2026/10/02		SKIP
75.メロメロイド / かいりきベア　・スルー	メロメロイド	かいりきベア						319	D2	2026/10/02		SKIP
76.いかないで / 想太　・スルー	いかないで	想太						319	D2	2026/10/02		SKIP
77.テレキャスタービーボーイ(long ver.) / すりぃ　④白旗	テレキャスタービーボーイ	すりぃ						319	D2	2026/10/02	白旗	OK4
78.1000年生きてる / いよわ　★(14)白旗	1000年生きてる	いよわ						319	D2	2026/10/02	白旗	WIN14
01.GHOST/アヒル軍曹　①フォルテ	GHOST	アヒル軍曹P						319	B	2026/10/02	フォルテ	OK1
02.弦楽少女は諦めを知らずに/海茶　×最強の私→①くちば	弦楽少女は諦めを知らずに	海茶						319	B	2026/10/02	最強の私	NG	くちば	OK1
03.master of the heavenly yard/悪ノP　①スライドポテト	master of the heavenly yard	悪ノP						319	B	2026/10/02	スライドポテト	OK1
04.でんしのうみ/大漠波新　①まつせ	でんしのうみ	大漠波新						319	B	2026/10/02	まつせ	OK1
05.声/HarryP　②フォルテ	声	はりーP						319	B	2026/10/02	フォルテ	OK2
06.レキシコン/wotaku　②スライドポテト	レキシコン	wotaku						319	B	2026/10/02	スライドポテト	OK2
07.KILLER B/梅とら　①ルナ・アリス	KILLER B	梅とら						319	B	2026/10/02	ルナ・アリス	OK1
08.完全犯罪伝授します/じょるじん　③スライドポテト	完全犯罪伝授します	じょるじん						319	B	2026/10/02	スライドポテト	OK3
09.I love U/神谷　①時雨	I love U	神谷まう						319	B	2026/10/02	時雨	OK1
10.ドリーマイーター/yukkedoluce　③フォルテ	ドリーマイーター	yukkedoluce						319	B	2026/10/02	フォルテ	OK3
11.シティライツ/椎名もた　①最強の私	シティライツ	椎名もた						319	B	2026/10/02	最強の私	OK1
12.Synth8se(ジンテーゼ)/奏　②まつせ	Synth8se	奏						319	B	2026/10/02	まつせ	OK2
13.夜離れ/夏山よつぎ　①尾白もち	夜離れ	夏山よつぎ						319	B	2026/10/02	尾白もち	OK1
14.晴春エスカレーター/フェイP　×たかそう→④スライドポテト	晴春エスカレーター	フェイP						319	B	2026/10/02	たかそう	NG	スライドポテト	OK4
15.ウェルカム・トゥ・ザ・大三元ランド/nyanyannya　×最強の私→②ルナ・アリス	ウェルカム・トゥ・ザ・大三元ランド	nyanyannya						319	B	2026/10/02	最強の私	NG	ルナ・アリス	OK2
16.夢喰い白黒バク/Nem　④フォルテ	夢喰い白黒バク	Nem						319	B	2026/10/02	フォルテ	OK4
17.FLASH/香椎モイミ　★(1)フォルテ	FLASH	香椎モイミ						319	B	2026/10/02	フォルテ	WIN1
18.その心に灯る色は/ラテルネ　③ルナ・アリス	その心に灯る色は	ラテルネ						319	B	2026/10/02	ルナ・アリス	OK3
19.ネバーマインド/マリー　①Howaho*	ネバーマインド	マリー						319	B	2026/10/02	ホワイトホールヶ丘商店街	OK1
20.桜の季節/ゆうゆ　②最強の私	桜の季節	ゆうゆ						319	B	2026/10/02	最強の私	OK2
21.赤い沼の底/マチゲリータ　×まつせ→×スライドポテト→・スルー	赤い沼の底	マチゲリータ						319	B	2026/10/02	まつせ	NG	スライドポテト	NG		SKIP
22.アンドロメダアンドロメダ/ナユタン星人　×がんこー→①しゃい	アンドロメダアンドロメダ	ナユタン星人						319	B	2026/10/02	がんこー	NG	しゃい	OK1
23.ラプンツェル/n-buna　④ルナ・アリス	ラプンツェル	n-buna						319	B	2026/10/02	ルナ・アリス	OK4
24.僕には生きるセンスがない。/青谷　②時雨	僕には生きるセンスがない。	青谷						319	B	2026/10/02	時雨	OK2
25.クノイチでも恋がしたい/みきとP　①かなくり	クノイチでも恋がしたい	みきとP						319	B	2026/10/02	かなくり	OK1
26.ファラウェア/柊キライ　①よかずき	ファラウェア	柊キライ						319	B	2026/10/02	よかずき	OK1
27.朝焼け、君の唄。/ナノウ　×がんこー→②Howaho*	朝焼け、君の唄。	ナノウ						319	B	2026/10/02	がんこー	NG	ホワイトホールヶ丘商店街	OK2
28.セカイ再信仰特区/ろくろ　②尾白もち	セカイ再信仰特区	ろくろ						319	B	2026/10/02	尾白もち	OK2
29.frost/けーだっしゅ　③まつせ	frost	けーだっしゅ						319	B	2026/10/02	まつせ	OK3
30.Harvest/shurabaP　③尾白もち	Harvest	修羅場P						319	B	2026/10/02	尾白もち	OK3
31.ぽかぽかの星/はるまきごはん　②くちば	ぽかぽかの星	はるまきごはん						319	B	2026/10/02	くちば	OK2
32.混ざる。/聖水P　×まつせ→★(2)スライドポテト	混ざる。	聖水P						319	B	2026/10/02	まつせ	NG	スライドポテト	WIN2
33.朱色の砂浜/みきとP　★(3)ルナ・アリス	朱色の砂浜	みきとP						319	B	2026/10/02	ルナ・アリス	WIN3
34.少女A/椎名もた　③最強の私	少女A	椎名もた						319	B	2026/10/02	最強の私	OK3
35.テイクアウト・スーサイド/しーくん　④尾白もち	テイクアウト・スーサイド	しーくん						319	B	2026/10/02	尾白もち	OK4
36.ポッピンヒューマノイド/バーミーズ　④まつせ	ポッピンヒューマノイド	バーミーズ						319	B	2026/10/02	まつせ	OK4
37.千年の独奏歌/yanagi　①Reia	千年の独奏歌	yanagi						319	B	2026/10/02	Lyz	OK1
38.サイコ/松傘　★(4)まつせ	サイコ	松傘						319	B	2026/10/02	まつせ	WIN4
39.マニア/あさぬこ　×Reia→①RRR	マニア	あさぬこ						319	B	2026/10/02	Lyz	NG	RRR	OK1
40.ココロ＊パレット/40mP　②よかずき	ココロ＊パレット	40mP						319	B	2026/10/02	よかずき	OK2
41.あさやけもゆうやけもないんだ/夏毛　①Moai	あさやけもゆうやけもないんだ	夏毛						319	B	2026/10/02	Moai太郎	OK1
42.光線歌/Guiano　③よかずき	光線歌	Guiano						319	B	2026/10/02	よかずき	OK3
43.うちょうてん/ど〜ぱみん　×しゃい→×くちば→②RRR	うちょうてん	ど〜ぱみん						319	B	2026/10/02	しゃい	NG	くちば	NG	RRR	OK2
44.お気に召すまま/Eve　④最強の私	お気に召すまま	Eve						319	B	2026/10/02	最強の私	OK4
45.ライムライト/蜂屋ななし　★(5)最強の私	ライムライト	栗山夕璃(蜂屋ななし)						319	B	2026/10/02	最強の私	WIN5
46.天樂/ゆうゆ　②Reia	天樂	ゆうゆ						319	B	2026/10/02	Lyz	OK2
47.ミラクルショウタイム/OSTER project　③時雨	ミラクルショウタイム	OSTER project						319	B	2026/10/02	時雨	OK3
48.しっくおぶはうす！/オゾン　×よかずき→①YAMADA	しっくおぶはうす！	オゾン						319	B	2026/10/02	よかずき	NG	世界のYAMADA	OK1
49.失敗作少女 /かいりきベア　①がんこー	失敗作少女	かいりきベア						319	B	2026/10/02	がんこー	OK1
50.発火/てにをは　×よかずき→×YAMADA→②かなくり	発火	てにをは						319	B	2026/10/02	よかずき	NG	世界のYAMADA	NG	かなくり	OK2
51.ラストスコア/せきこみごはん　③かなくり	ラストスコア	せきこみごはん						319	B	2026/10/02	かなくり	OK3
52.人間失格/Neru　②がんこー	人間失格	Neru						319	B	2026/10/02	がんこー	OK2
53.黙ってロックをやれって言ってんの！/猫舘こたつ　④時雨	黙ってロックをやれって言ってんの！	猫舘こたつ						319	B	2026/10/02	時雨	OK4
54.雪菫の少女/青磁　②Moai	或る詩謡い人形の記録『雪菫の少女』	青磁						319	B	2026/10/02	Moai太郎	OK2
55.アンラッキーガールちゃんの日録/まらしぃ　★(6)時雨	アンラッキーガールちゃんの日録	まらしぃ						319	B	2026/10/02	時雨	WIN6
56.彩花/iroha　③Reia	彩花	iroha						319	B	2026/10/02	Lyz	OK3
57.エレクトロサチュレイタ/tilt　③Howaho*	エレクトロサチュレイタ	tilt-six						319	B	2026/10/02	ホワイトホールヶ丘商店街	OK3
58.Be Myself./hano　×Reia→①たかそう	Be Myself.	hano						319	B	2026/10/02	Lyz	NG	たかそう	OK1
59.少女地獄/ユリイ・カノン　★(7)尾白もち	少女地獄	ユリイ・カノン						319	B	2026/10/02	尾白もち	WIN7
60.バベル/ATOLS　①きぐな	バベル	ATOLS						319	B	2026/10/02	きぐな	OK1
61.ココロ・キセキ/トラボルタP　④Reia	ココロ・キセキ	トラボルタ						319	B	2026/10/02	Lyz	OK4
62.キラークイーン/Ayase　④かなくり	キラークイーン	Ayase						319	B	2026/10/02	かなくり	OK4
63.後追い自殺に定評のあるみっちゃん/マェロP　③Moai	後追い自殺に定評のあるみっちゃん	マェロP						319	B	2026/10/02	Moai太郎	OK3
64.赤ペンおねがいします/椎名もた　②しゃい	赤ペンおねがいします	椎名もた						319	B	2026/10/02	しゃい	OK2
65.シンセリティパルス/ユジー　③しゃい	シンセリティパルス	ユジー						319	B	2026/10/02	しゃい	OK3
66.ゼロ・ワン/束子P　★(8)Reia	ゼロ・ワン	束子P						319	B	2026/10/02	Lyz	WIN8
67.speed/otetsu　④Moai	speed	otetsu						319	B	2026/10/02	Moai太郎	OK4
68.ダイアグラム/あばらや　★(9)かなくり	ダイアグラム	あばらや						319	B	2026/10/02	かなくり	WIN9
69.cLick cRack/ギガ　②きぐな	cLick cRack	ギガ						319	B	2026/10/02	きぐな	OK2
70.Time＆Space/シグナルP　・スルー	Time＆Space	シグナルP						319	B	2026/10/02		SKIP
71.人間のくせになまいきだ/キノシタ　④Howaho*	人間のくせになまいきだ	キノシタ						319	B	2026/10/02	ホワイトホールヶ丘商店街	OK4
72.nice dog/ぬゆり　×たかそう→③RRR	nice dog	ぬゆり						319	B	2026/10/02	たかそう	NG	RRR	OK3
73.サイハテ/小林オニキス　③がんこー	サイハテ	小林オニキス						319	B	2026/10/02	がんこー	OK3
74.ポプリさん/いよわ　③くちば	ポプリさん	いよわ						319	B	2026/10/02	くちば	OK3
75.パラレルラルラ/夏代孝明 　④よかずき	パラレルラルラ	夏代孝明						319	B	2026/10/02	よかずき	OK4
76.リトルエミーと星の手紙/すこっぷ　×Howaho*→・スルー	リトルエミーと星の手紙	すこっぷ						319	B	2026/10/02	ホワイトホールヶ丘商店街	NG		SKIP
77.マッドエゴイスト/しるばーな　④くちば	マッドエゴイスト	しるばーな						319	B	2026/10/02	くちば	OK4
78.半透明/獅子志司　××たかそう→④RRR	半透明	獅子志司						319	B	2026/10/02	たかそう	LOSE	RRR	OK4
79.雁首、揃えてご機嫌よう/卯花ロク　④しゃい	雁首、揃えてご機嫌よう	卯花ロク						319	B	2026/10/02	しゃい	OK4
80.ウミユリ海底譚/n-buna　★(10)しゃい	ウミユリ海底譚	n-buna						319	B	2026/10/02	しゃい	WIN10
81.QUI/ささくれP　★(11)くちば	QUI	sasakure.UK						319	B	2026/10/02	くちば	WIN11
82.プロトタイプ宣言/ポリスピカデリー　・スルー	プロトタイプ宣言	ポリスピカデリー						319	B	2026/10/02		SKIP
83.黄泉桜/仕事してP　★(12)Moai	黄泉桜	仕事してP						319	B	2026/10/02	Moai太郎	WIN12
84.生意気ハニー-another story-/HoneyWorks 　×よかずき→②YAMADA	生意気ハニー -another story-	HoneyWorks						319	B	2026/10/02	よかずき	NG	世界のYAMADA	OK2
85.ファブリック・フラワー/柊マグネタイト　★(13)RRR	ファブリック・フラワー	柊マグネタイト						319	B	2026/10/02	RRR	WIN13
86.会いたい/シグナルP　③YAMADA	会いたい	シグナルP						319	B	2026/10/02	世界のYAMADA	OK3
87.異国人形館殺人事件/てにをは　×きぐな→④YAMADA	異国人形館殺人事件	てにをは						319	B	2026/10/02	きぐな	NG	世界のYAMADA	OK4
88.ディナーベル/はるまきごはん　★(14)よかずき	ディナーベル	はるまきごはん						319	B	2026/10/02	よかずき	WIN14
89.消えないファイル/読谷あかね　×きぐな→・スルー	消えないファイル	読谷あかね						319	B	2026/10/02	きぐな	NG		SKIP
90.君の体温/クワガタP　×YAMADA→④がんこー	君の体温	クワガタP						319	B	2026/10/02	世界のYAMADA	NG	がんこー	OK4
91.日本橋高架下R計画/じん　★(15)がんこー	日本橋高架下R計画	じん						319	B	2026/10/02	がんこー	WIN15
92.エンドロール/夏代孝明　★(16)Howaho*	エンドロール	夏代孝明						319	B	2026/10/02	ホワイトホールヶ丘商店街	WIN16
93.クラウドライダー/田中隼人　③きぐな	クラウドライダー	田中隼人						319	B	2026/10/02	きぐな	OK3
94.ディカディズム/ぬゆり　×YAMADA→④きぐな	ディカディズム	ぬゆり						319	B	2026/10/02	世界のYAMADA	NG	きぐな	OK4
95.結ンデ開イテ羅刹ト骸/ハチ　★(17)きぐな	結ンデ開イテ羅刹ト骸	ハチ						319	B	2026/10/02	きぐな	WIN17
96.人間らしい/ユリイ・カノン　★(18)YAMADA	人間らしい	ユリイ・カノン						319	B	2026/10/02	世界のYAMADA	WIN18
01.虚ろを扇ぐ / 初音ミク/獅子志司 ①マッッッ	虚ろを扇ぐ / 初音ミク	獅子志司						319	C2	2026/10/02	ﾏﾞｯｯｯ	OK1
02.ネクストネスト/さつき が てんこもり ×すBAR→①きょうぼく	ネクストネスト	さつき が てんこもり						319	C2	2026/10/02	すBAR	NG	きょうぼく	OK1
03.世界中で一番　/  feat. 初音ミク/傘村トータ ・スルー	世界中で一番　/  feat. 初音ミク	傘村トータ						319	C2	2026/10/02		SKIP
04.【IA ROCKS】サービス残業【オリジナル曲】/黒田亜津 ・スルー	【IA ROCKS】サービス残業【オリジナル曲】	黒田亜津						319	C2	2026/10/02		SKIP
05.唯一、愛ノ詠 / ルカミクグミIAリン/梅とら ①おはげ	唯一、愛ノ詠 / ルカミクグミIAリン	梅とら						319	C2	2026/10/02	はげお	OK1
06.【 初音ミク 】 革命君 【 オリジナル曲 】/TEPPAN ・スルー	【 初音ミク 】 革命君 【 オリジナル曲 】	TEPPAN						319	C2	2026/10/02		SKIP
07.【初音ミク】魔法の傘と少年のミライ【オリジナルPV】/キョータ ×きょうぼく→スルー	【初音ミク】魔法の傘と少年のミライ【オリジナルPV】	キョータ						319	C2	2026/10/02	きょうぼく	NG		SKIP
08.【オリジナル曲】絵本『人柱アリス』【歪童話】/雪那 ①ニナ	【オリジナル曲】絵本『人柱アリス』【歪童話】	歪P						319	C2	2026/10/02	ニナ	OK1
09.晴天を穿つ　/  feat. Mew/傘村トータ ②マッッッ	晴天を穿つ　/  feat. Mew	傘村トータ						319	C2	2026/10/02	ﾏﾞｯｯｯ	OK2
10.アリスのマジカルハッピーワールド / 初音ミク/夏山よつぎ ②きょうぼく	アリスのマジカルハッピーワールド / 初音ミク	夏山よつぎ						319	C2	2026/10/02	きょうぼく	OK2
11.『スノウドライヴ(01.23)』 / 初音ミク - Omoi/Omoi ①すBAR	『スノウドライヴ(01.23)』 / 初音ミク - Omoi	Omoi						319	C2	2026/10/02	すBAR	OK1
12.初音ミクオリジナル曲 「from Y to Y」/ジミーサムP ②すBAR	初音ミクオリジナル曲 「from Y to Y」	ジミーサムP						319	C2	2026/10/02	すBAR	OK2
13.【童謡ホラー】　かこめかこめ　【巡音ルカ、初音ミクオリジナル曲】/Kamiyanagi ③きょうぼく	【童謡ホラー】　かこめかこめ　【巡音ルカ、初音ミクオリジナル曲】	ざわざわP						319	C2	2026/10/02	きょうぼく	OK3
14.【ニコニコラボ】 Mr.Music 【ボーカロイドオリジナル】/れるりり ③マッッッ	【ニコニコラボ】 Mr.Music 【ボーカロイドオリジナル】	れるりり						319	C2	2026/10/02	ﾏﾞｯｯｯ	OK3
15.main dishが足りてない / 宮守文学 feat.鏡音レン, 初音ミク, 鏡音リン, MEIKO/宮守文学 ×ニナ→×レイ→④きょうぼく	main dishが足りてない / 宮守文学 feat.鏡音レン, 初音ミク, 鏡音リン, MEIKO	宮守文学						319	C2	2026/10/02	ニナ	NG	レイ	NG	きょうぼく	OK4
16.シキ / 可不/YURAGANO ×マッッッ→スルー	シキ / 可不	YURAGANO						319	C2	2026/10/02	ﾏﾞｯｯｯ	NG		SKIP
17.空っぽのメロディー ／ 可不【オリジナル曲】/うみくん ①こまる	空っぽのメロディー ／ 可不【オリジナル曲】	うみくん						319	C2	2026/10/02	こまる	OK1
18.【鏡音リン】リグレットメッセージ【オリジナル】/mothy ④マッッッ	【鏡音リン】リグレットメッセージ【オリジナル】	悪ノP						319	C2	2026/10/02	ﾏﾞｯｯｯ	OK4
19.風待ちハローワールド /add9 ×ニナ→×こまる→×トラノオ→★(1)きょうぼく	風待ちハローワールド	ヘリP						319	C2	2026/10/02	ニナ	NG	こまる	NG	トラノオ	NG	きょうぼく	WIN1
20.M@GICAL☆CURE! LOVE ♥ SHOT! / 初音ミク/SAWTOWNE ★(2)マッッッ	M@GICAL☆CURE! LOVE ♥ SHOT! / 初音ミク	SAWTOWNE						319	C2	2026/10/02	ﾏﾞｯｯｯ	WIN2
21.【ボカロ6人】Party×Party【超パ3テーマ曲】/ひとしずくP ×レイ→②おはげ	【ボカロ6人】Party×Party【超パ3テーマ曲】	ひとしずく						319	C2	2026/10/02	レイ	NG	はげお	OK2
22.【IA】扇歌コンシール【オリジナル】/たかちゅう ②こまる	【IA】扇歌コンシール【オリジナル】	たかちゅう						319	C2	2026/10/02	こまる	OK2
23.かいしんのいちげき！ / 初音ミク/天月-あまつき-  ③すBAR	かいしんのいちげき！ / 初音ミク	天月-あまつき-						319	C2	2026/10/02	すBAR	OK3
24.シスターに懺悔を / 重音テトsv/廃原メモリ ④すBAR	シスターに懺悔を / 重音テトsv	廃原メモリ						319	C2	2026/10/02	すBAR	OK4
25.ジウダス / KAITO V3 - すこやか大聖堂/すこやか大聖堂 ①トラノオ	ジウダス / KAITO V3 - すこやか大聖堂	すこやか大聖堂						319	C2	2026/10/02	トラノオ	OK1
26.まるいうなばら/ごーぶすft.初音ミク/ごーぶす ①HAN	まるいうなばら/ごーぶすft.初音ミク	ごーぶす						319	C2	2026/10/02	HAN	OK1
27.シュレディンガール / 初音ミク/Kai (114位) ★(3)すBAR	シュレディンガール / 初音ミク	Kai						319	C2	2026/10/02	すBAR	WIN3
28.【初音ミク】般若心経ポップ【PVつき】/おにゅう ①ゆーと	【初音ミク】般若心経ポップ【PVつき】	おにゅうP						319	C2	2026/10/02	ゆーと	OK1
29.【初音ミク】ミラクルペイント【オリジナル曲】/OSTER project ②ニナ	【初音ミク】ミラクルペイント【オリジナル曲】	OSTER project						319	C2	2026/10/02	ニナ	OK2
30.【巡音ルカ】 ７days 【オリジナル】【ＶＯＣＡＬＯＩＤ】/emon(Tes.) ②HAN	【巡音ルカ】 ７days 【オリジナル】【ＶＯＣＡＬＯＩＤ】	emon(Tes.)						319	C2	2026/10/02	HAN	OK2
31.桃源郷へ行こう/picdo ①やま	桃源郷へ行こう	picdo						319	C2	2026/10/02	やま	OK1
32.む / 足立レイ・重音テト/大漠波新 ①レイ	む / 足立レイ・重音テト	大漠波新						319	C2	2026/10/02	レイ	OK1
33.キラピピ★キラピカ バーチャル・シンガーver. / nyanyannya(大天才P) feat. 初音ミク, MEIKO, 鏡音リン, 鏡音レン, 巡音ルカ, KAITO/nyanyannya（大天才P）②トラノオ	キラピピ★キラピカ バーチャル・シンガーver. / nyanyannya(大天才P) feat. 初音ミク, MEIKO, 鏡音リン, 鏡音レン, 巡音ルカ, KAITO	nyanyannya						319	C2	2026/10/02	トラノオ	OK2
34.てのひら / 重音テトSV - 青屋夏生/青屋夏生(ｱｵﾔﾅﾂｷ) ①そい	てのひら / 重音テトSV - 青屋夏生	青屋夏生						319	C2	2026/10/02	そい	OK1
35.アンノウンブレス/初音ミク/mahito ②そい	アンノウンブレス/初音ミク	mahito						319	C2	2026/10/02	そい	OK2
36.我こそ昆布大使館-初音ミク for LamazeP/名無し ・スルー	我こそ昆布大使館-初音ミク for LamazeP	ラマーズP						319	C2	2026/10/02		SKIP
37.【鏡音レン】virgin suicides【オリジナル曲PV付】/Nem ×ニナ→×レイ→③HAN	【鏡音レン】virgin suicides【オリジナル曲PV付】	Nem						319	C2	2026/10/02	ニナ	NG	レイ	NG	HAN	OK3
38.【GUMI】For my soul【オリジナル曲PV付】/Junky ・スルー	【GUMI】For my soul【オリジナル曲PV付】	Junky						319	C2	2026/10/02		SKIP
39.「アンチユー」feat.初音ミク/Chinozo ②ゆーと	「アンチユー」feat.初音ミク	Chinozo						319	C2	2026/10/02	ゆーと	OK2
40.アブセンティー / flower/晴いちばん ③ゆーと	アブセンティー / flower	晴いちばん						319	C2	2026/10/02	ゆーと	OK3
41.はじめまして地球人さん / 初音ミク/ピノキオピー　④ゆーと	はじめまして地球人さん / 初音ミク	ピノキオピー						319	C2	2026/10/02	ゆーと	OK4
42.ポケットのモンスター / 初音ミク/ピノキオピー ②レイ	ポケットのモンスター / 初音ミク	ピノキオピー						319	C2	2026/10/02	レイ	OK2
43.キラー / 初音ミク/夏代孝明 ③こまる	キラー / 初音ミク	夏代孝明						319	C2	2026/10/02	こまる	OK3
44.【IA】　心じゃきっと分かっていた　【オリジナル】/ナナホシ管弦楽団  ②やま	【IA】　心じゃきっと分かっていた　【オリジナル】	ナナホシ管弦楽団						319	C2	2026/10/02	やま	OK2
45.くたばろうぜ /Neru 　④こまる	くたばろうぜ	Neru						319	C2	2026/10/02	こまる	OK4
46.【初音ミクオリジナル】春！桜！ニンジャ！【リンレン】/はやや ③おはげ	【初音ミクオリジナル】春！桜！ニンジャ！【リンレン】	はややP						319	C2	2026/10/02	はげお	OK3
47.化物宇宙 / 初音ミク/ピノキオピー ★(4)こまる	化物宇宙 / 初音ミク	ピノキオピー						319	C2	2026/10/02	こまる	WIN4
48.【初音ミク】着火【syudou】/syudou ④おはげ	【初音ミク】着火【syudou】	syudou						319	C2	2026/10/02	はげお	OK4
49.ジャックコーク／他人事 feat.Flower 初音ミク/他人事 ×ゆーと→スルー	ジャックコーク／他人事 feat.Flower 初音ミク	他人事						319	C2	2026/10/02	ゆーと	NG		SKIP
50.spray／初音ミク/有機酸 ・スルー	spray／初音ミク	有機酸						319	C2	2026/10/02		SKIP
51.【初音ミク】　マインドブランド　【オリジナル】/MARETU ×ゆーと→①ぱらど	【初音ミク】　マインドブランド　【オリジナル】	MARETU						319	C2	2026/10/02	ゆーと	NG	paradoxes	OK1
52.たりない / 初音ミク/渚mao笹川水曜日 ×やま→×トラノオ→②ぱらど	たりない / 初音ミク	mao sasagawa						319	C2	2026/10/02	やま	NG	トラノオ	NG	paradoxes	OK2
53.千弁卍華 / つきみぐー、 feat. 鏡音リン [Project:OVER]/つきみぐー、 ・スルー	千弁卍華 / つきみぐー、 feat. 鏡音リン [Project:OVER]	つきみぐー、						319	C2	2026/10/02		SKIP
54.虚無仮説 feat.初音ミク/ しそP 　・スルー	虚無仮説 feat.初音ミク	しそP						319	C2	2026/10/02		SKIP
55.熱風 - kemu feat. 初音ミク/kemu ③トラノオ	熱風 - kemu feat. 初音ミク	kemu						319	C2	2026/10/02	トラノオ	OK3
56.1/100のアイ ／ すりぃ feat.初音ミク/すりぃ ④トラノオ	1/100のアイ ／ すりぃ feat.初音ミク	すりぃ						319	C2	2026/10/02	トラノオ	OK4
57.【鏡音リン・レンAppend】からくり卍ばーすと【オリジナル】/ひとしずくP ★(5)トラノオ	【鏡音リン・レンAppend】からくり卍ばーすと【オリジナル】	ひとしずく						319	C2	2026/10/02	トラノオ	WIN5
58.シエレトワール / 蝶々P feat.初音ミク/papiyon ・スルー	シエレトワール / 蝶々P feat.初音ミク	蝶々P						319	C2	2026/10/02		SKIP
59.【miki】 劇場愛歌 【オリジナル曲】/n-buna ★(6)おはげ	【miki】 劇場愛歌 【オリジナル曲】	n-buna						319	C2	2026/10/02	はげお	WIN6
60.稲葉曇『超深淵帯』Vo. 歌愛ユキ/稲葉曇 ③レイ	稲葉曇『超深淵帯』Vo. 歌愛ユキ	稲葉曇						319	C2	2026/10/02	レイ	OK3
61.flower 『ナイーブヒーロー』MV/ルワン/遼遼 ・スルー	flower 『ナイーブヒーロー』MV/ルワン	遼遼						319	C2	2026/10/02		SKIP
62.【GUMI】 防衛本能 【クワガタP×buzzG】/buzzG ×そい→スルー	【GUMI】 防衛本能 【クワガタP×buzzG】	buzzG						319	C2	2026/10/02	そい	NG		SKIP
63.ロジカ / flower/かいりきベア ③ぱらど	ロジカ / flower	かいりきベア						319	C2	2026/10/02	paradoxes	OK3
64.ゲヘナ / みちる feat.可不 × ナースロボ＿タイプＴ/みちる ・スルー	ゲヘナ / みちる feat.可不 × ナースロボ＿タイプＴ	みちる						319	C2	2026/10/02		SKIP
65.イガク - 重音テト/原口沙輔 ④ぱらど	イガク - 重音テト	原口沙輔						319	C2	2026/10/02	paradoxes	OK4
66.【ミクリンGUMI】神のまにまに【オリジナル】/れるりり ④レイ	【ミクリンGUMI】神のまにまに【オリジナル】	れるりり						319	C2	2026/10/02	レイ	OK4
67.【初音ミク】なんだかとっても！いいかんじ（長編）【オリジナル】/koushirou（卑屈P） ★(7)ぱらど	【初音ミク】なんだかとっても！いいかんじ（長編）【オリジナル】	koushirou（卑屈P）						319	C2	2026/10/02	paradoxes	WIN7
68.Q-SIDE / 初音ミクでゲームを作ってみた/かかこ ★(8)ゆーと	Q-SIDE / 初音ミクでゲームを作ってみた	かかこ						319	C2	2026/10/02	ゆーと	WIN8
69.【琴葉茜・琴葉葵】 Gene Link 【あおいのためにウチはやる支援楽曲】/磊撃 ★(9)レイ	【琴葉茜・琴葉葵】 Gene Link 【あおいのためにウチはやる支援楽曲】	磊撃						319	C2	2026/10/02	レイ	WIN9
70.【初音ミク】THE WORLDS【オリジナルジェットコースターPV】/FB777 ④そい	【初音ミク】THE WORLDS【オリジナルジェットコースターPV】	FB777						319	C2	2026/10/02	そい	OK3
71.DECO*27 - ストリーミングハート feat. 初音ミク/DECO*27 ③ニナ	DECO*27 - ストリーミングハート feat. 初音ミク	DECO*27						319	C2	2026/10/02	ニナ	OK3
72.花に風／初音ミク/須田景凪 バルーン ×ニナ→④そい	花に風／初音ミク	バルーン						319	C2	2026/10/02	ニナ	NG	そい	OK4
73.ハイドレンジア - LonePi feat.歌愛ユキ/LonePi ④HAN	ハイドレンジア - LonePi feat.歌愛ユキ	LonePi						319	C2	2026/10/02	HAN	OK4
74.Heart Shooter/ブラザー ・スルー	Heart Shooter	味噌汁P						319	C2	2026/10/02		SKIP
75.【鏡音リン】アブストラクト・ナンセンス【オリジナル曲】/Neru ★(10)そい	【鏡音リン】アブストラクト・ナンセンス【オリジナル曲】	Neru						319	C2	2026/10/02	そい	WIN10
76.一角獣 / flower/てにをは ・スルー	一角獣 / flower	てにをは						319	C2	2026/10/02		SKIP
77.カグナ／GUMI/宮下遊 ・スルー	カグナ／GUMI	宮下遊						319	C2	2026/10/02		SKIP
78.CIRCUS PANIC!!! / 初音ミク/サツキ ★(11)HAN	CIRCUS PANIC!!! / 初音ミク	サツキ						319	C2	2026/10/02	HAN	WIN11
79.Saloon/羽累/R Sound Design ・スルー	Saloon/羽累	R Sound Design						319	C2	2026/10/02		SKIP
80.ヤババイナ / さたぱんP feat. 初音ミク ･ 重音テト ･ ずんだもん/さたぱんP(Sata) ④ニナ	ヤババイナ / さたぱんP feat. 初音ミク ･ 重音テト ･ ずんだもん	さたぱんP						319	C2	2026/10/02	ニナ	OK4
81.DECO*27 - 愛言葉Ⅲ feat. 初音ミク/DECO*27 ★(12)ニナ	DECO*27 - 愛言葉Ⅲ feat. 初音ミク	DECO*27						319	C2	2026/10/02	ニナ	WIN12
82.ヒガン / 初音ミク/john ・スルー	ヒガン / 初音ミク	john						319	C2	2026/10/02		SKIP
83.鏡音リン ／ すすすす、すき、だあいすき/ジェバンニp(泉和良) ・スルー	鏡音リン ／ すすすす、すき、だあいすき	ジェバンニP						319	C2	2026/10/02		SKIP
84.メアリー・スーを殺さないで／flower/ミリ子 ・スルー	メアリー・スーを殺さないで／flower	ミリ子						319	C2	2026/10/02		SKIP
85.凡愚 / 知声/isonosuke ・スルー	凡愚 / 知声	のすけ						319	C2	2026/10/02		SKIP
86.【初音ミク】　ダーリン　【オリジナル】/MARETU ・スルー	【初音ミク】　ダーリン　【オリジナル】	MARETU						319	C2	2026/10/02		SKIP
87.【初音ミク】気まぐれメルシィ【オリジナル曲+PV】/八王子P  ・スルー	【初音ミク】気まぐれメルシィ【オリジナル曲+PV】	八王子P						319	C2	2026/10/02		SKIP
88.ゾンビVSゾンビ feat.彼音いずむ / マッハ人生/マッハ人生  ・スルー	ゾンビVSゾンビ feat.彼音いずむ / マッハ人生	マッハ人生						319	C2	2026/10/02		SKIP
89.赫焉のフィロソフィア/nyanyannya（大天才P） ・スルー	赫焉のフィロソフィア	nyanyannya						319	C2	2026/10/02		SKIP
90.テレキャスタービーボーイ/すりぃ (27位)・スルー	テレキャスタービーボーイ	すりぃ						319	C2	2026/10/02		SKIP
01.リアル初音ミクの消失/暴走P　×りのん→①つばさ	リアル初音ミクの消失	cosMo@暴走P						319	D2	2026/10/03	りのん	NG	つばさ	OK1
02.サイノウサンプラー/電ポルP　②つばさ	サイノウサンプラー	koyori(電ポルP)						319	D2	2026/10/03	つばさ	OK2
03.Bitter Majesty/八王子P　・スルー	Bitter Majesty	八王子P						319	D2	2026/10/03		SKIP
04.チョコレートミルク/あぷえら　×ひーた→①えぬし	チョコレートミルク	Aqu3ra						319	D2	2026/10/03	ひーた	NG	N氏	OK1
05.白い雪のプリンセスは/のぼる↑　①りのん	白い雪のプリンセスは	のぼる↑						319	D2	2026/10/03	りのん	OK1
06.Leia/ゆよゆっぺ　②えぬし	Leia	ゆよゆっぺ						319	D2	2026/10/03	N氏	OK2
07.ハウトゥワープ/ナユタン星人　①ひーた	ハウトゥワープ	ナユタン星人						319	D2	2026/10/03	ひーた	OK1
08.kick/こめだわら　②ひーた	kick	こめだわら						319	D2	2026/10/03	ひーた	OK2
09.永遠に幸せになる方法、見つけました。/うたたP　③つばさ	永遠に幸せになる方法、見つけました。	うたたP						319	D2	2026/10/03	つばさ	OK3
10.生命性シンドロウム/かめりあ　④つばさ	生命性シンドロウム	かめりあ						319	D2	2026/10/03	つばさ	OK4
11.ジベタトラベル/日向電工　・スルー	ジベタトラベル	日向電工						319	D2	2026/10/03		SKIP
12.ラブ イズ オノマトペ/ピノキオピー　・スルー	ラブ イズ オノマトペ	ピノキオピー						319	D2	2026/10/03		SKIP
13.世界の真ん中を歩く/夏代孝明　③ひーた	世界の真ん中を歩く	夏代孝明						319	D2	2026/10/03	ひーた	OK3
14.ドドド更生人生/ぷす　①水筒	ドドド更生人生	ぷす						319	D2	2026/10/03	水筒	OK1
15.StargazeR/骨盤P　④ひーた	StargazeR	骨盤P						319	D2	2026/10/03	ひーた	OK4
16.夜が引いていく/r-906　①上海スベスベ	夜が引いていく	r-906						319	D2	2026/10/03	上海スベスベ	OK1
17.背徳の花/ひとしずく×やま△　・スルー	背徳の花	ひとしずく	やま△					319	D2	2026/10/03		SKIP
18.ELECT/niki　×りのん→★(1)ひーた	ELECT	niki						319	D2	2026/10/03	りのん	NG	ひーた	WIN1
19.遠い記憶、花束の赤/risou　・スルー	遠い記憶、花束の赤	risou						319	D2	2026/10/03		SKIP
20.始発とカフカ/n-buna　③えぬし	始発とカフカ	n-buna						319	D2	2026/10/03	N氏	OK3
21.奇跡さえも/Omoi　②りのん	奇跡さえも	Omoi						319	D2	2026/10/03	りのん	OK2
22.ピエロ様、ご覧よ無様/卯花ロク　・スルー	ピエロ様、ご覧よ無様	卯花ロク						319	D2	2026/10/03		SKIP
23.シリョクケンサ/40mP　★(2)つばさ	シリョクケンサ	40mP						319	D2	2026/10/03	つばさ	WIN2
24.Parades/whoo　・スルー	Parades	whoo						319	D2	2026/10/03		SKIP
25.嬢王/八王子P　②上海スベスベ	嬢王	八王子P						319	D2	2026/10/03	上海スベスベ	OK2
26.月光潤色ガール/れるりり　・スルー	月光潤色ガール	れるりり						319	D2	2026/10/03		SKIP
27.Desperate/鼻そうめんP　③りのん	Desperate	鼻そうめんP						319	D2	2026/10/03	りのん	OK3
28.1000年生きてる/いよわ　④えぬし	1000年生きてる	いよわ						319	D2	2026/10/03	N氏	OK4
29.世界を照らすテトラッド/OSTER project　③上海スベスベ	世界を照らすテトラッド	OSTER project						319	D2	2026/10/03	上海スベスベ	OK3
30.メルティランドナイトメア/はるまきごはん　★(3)えぬし	メルティランドナイトメア	はるまきごはん						319	D2	2026/10/03	N氏	WIN3
31.Let's easy music/空海月　・スルー	Let's easy music	空海月						319	D2	2026/10/03		SKIP
32.マジック・メイド/MIMI　④りのん	マジック・メイド	MIMI						319	D2	2026/10/03	りのん	OK4
33.僕はまだ本気出してないだけ/梨本うい　・スルー	僕はまだ本気出してないだけ	梨本うい						319	D2	2026/10/03		SKIP
34.み　む　かｩ　わ　ナ　イ　ス　ト　ラ　イ/ぬぬぬぬぬぬぬぬぬぬぬぬぬぬぬぬ　×りのん→④上海スベスベ	み　む　かｩ　わ　ナ　イ　ス　ト　ラ　イ	ぬぬぬぬぬぬぬぬぬぬぬぬぬぬぬぬ						319	D2	2026/10/03	りのん	NG	上海スベスベ	OK4
35.スクランブル交際/DECO*27　★(4)上海スベスベ	スクランブル交際	DECO*27						319	D2	2026/10/03	上海スベスベ	WIN4
36.ウェルカム・トゥ・ザ・大三元ランド/nyanyannya　・スルー	ウェルカム・トゥ・ザ・大三元ランド	nyanyannya						319	D2	2026/10/03		SKIP
37.Henceforth/Orangestar　②水筒	Henceforth	Orangestar						319	D2	2026/10/03	水筒	OK2
38.アストロノーツ/椎名もた　・スルー	アストロノーツ	椎名もた						319	D2	2026/10/03		SKIP
39.ALL THINGS MUST PASS/whoo　・スルー	ALL THINGS MUST PASS	whoo						319	D2	2026/10/03		SKIP
40.ゴーストレストラン/歩く人　・スルー	ゴーストレストラン	歩く人						319	D2	2026/10/03		SKIP
41.クワガタにチョップしたらタイムスリップした/家の裏でマンボウが死んでるP　・スルー	クワガタにチョップしたらタイムスリップした	家の裏でマンボウが死んでるP						319	D2	2026/10/03		SKIP
42.アザレアの亡霊/トーマ　・スルー	アザレアの亡霊	トーマ						319	D2	2026/10/03		SKIP
43.てのひらワンダーランド/ねこぼーろ　・スルー	てのひらワンダーランド	ササノマリイ						319	D2	2026/10/03		SKIP
44.サクラノタトゥー/一二三・ピノキオピー　③水筒	サクラノタトゥー	一二三	ピノキオピー					319	D2	2026/10/03	水筒	OK3
45.マネマネサイコトロピック/かいりきベア　×水筒→・スルー	マネマネサイコトロピック	かいりきベア						319	D2	2026/10/03	水筒	NG		SKIP
46.ラストスコア/せきこみごはん　★(5)りのん	ラストスコア	せきこみごはん						319	D2	2026/10/03	りのん	WIN5
47.ぼくらのレットイットビー/はりーP　・スルー	ぼくらのレットイットビー	はりーP						319	D2	2026/10/03		SKIP
48.先天性アサルトガール/Ayase　・スルー	先天性アサルトガール	Ayase						319	D2	2026/10/03		SKIP
49.飛花落葉/なつめ千秋　・スルー	飛花落葉	なつめ千秋						319	D2	2026/10/03		SKIP
50.無辜のあなた/いよわ　④水筒	無辜のあなた	いよわ						319	D2	2026/10/03	水筒	OK4
51.合わせ鏡/人間合格　・スルー	合わせ鏡	人間合格						319	D2	2026/10/03		SKIP
52.深昏睡/春野　・スルー	深昏睡	春野						319	D2	2026/10/03		SKIP
53.リモコン/ワンオポ　★(6)水筒	リモコン	ワンダフル★オポチュニティ！						319	D2	2026/10/03	水筒	WIN6
01.ショットガン・ナウル/Chinozo　×テフミネ→①まるま	ショットガン・ナウル	Chinozo						319	A	2026/10/03	テフミネ	NG	maruma	OK1
02.キミ想い、片想い/タカノン　①と	キミ想い、片想い	タカノン						319	A	2026/10/03	と	OK1
03.Light Song/kz　①影山	Light Song	kz						319	A	2026/10/03	影山	OK1
04.孤独毒毒/syudou　②影山	孤独毒毒	syudou						319	A	2026/10/03	影山	OK2
05.SorrowChat/MIMI　③影山	SorrowChat	MIMI						319	A	2026/10/03	影山	OK3
06.シャッターチャンス/yamada　×まるま→×影山→①とちこ	シャッターチャンス	yamada						319	A	2026/10/03	maruma	NG	影山	NG	とちこ	OK1
07.ごめんね ごめんね/きくお　②と	ごめんね ごめんね	きくお						319	A	2026/10/03	と	OK2
08.くうになる/MIMI　①なごん	くうになる	MIMI						319	A	2026/10/03	なごん	OK1
09.君を忘れて何処へ行く/やながみゆき　×と→×スルー	君を忘れて何処へ行く	やながみゆき						319	A	2026/10/03	と	NG		SKIP
10.ワールドワイドワンダー/西沢さんP　②まるま	ワールドワイドワンダー	TOKOTOKO（西沢さんP）						319	A	2026/10/03	maruma	OK2
11.アイロニック/Kanaria　④影山	アイロニック	Kanaria						319	A	2026/10/03	影山	OK4
12.フタリボシ/40mP　②なごん	フタリボシ	40mP						319	A	2026/10/03	なごん	OK2
13.ストマックブック/背脂部　×と→×なごん→×スルー	ストマックブック	背脂部						319	A	2026/10/03	と	NG	なごん	NG		SKIP
14.p.h./SEVENTHLINKS　★(1)影山	p.h.	SEVENTHLINKS						319	A	2026/10/03	影山	WIN1
15.ワンダールインズ/晴いちばん　①にーも	ワンダールインズ	晴いちばん						319	A	2026/10/03	にーも	OK1
16.青を焚べて/keeno　③まるま	青を焚べて	keeno						319	A	2026/10/03	maruma	OK3
17.ヤミツキ/MARETU　①眠くない人	ヤミツキ	MARETU						319	A	2026/10/03	眠くない人	OK1
18.あしゅらしゅら/ユリイ・カノン　②眠くない人	あしゅらしゅら	ユリイ・カノン						319	A	2026/10/03	眠くない人	OK2
19.女子中学生、禁断の事情/SLAVE.V-V-R　×眠くない人→③と	女子中学生、禁断の事情	SLAVE.V-V-R						319	A	2026/10/03	眠くない人	NG	と	OK3
20.思惟の裏/saikawa　×テフミネ→④と	思惟の裏	saikawa						319	A	2026/10/03	テフミネ	NG	と	OK4
21.半透明/獅子志司　④まるま	半透明	獅子志司						319	A	2026/10/03	maruma	OK4
22.ゴー・トゥ・大都会/月裏×ニャン・トンロン　★(2)まるま	ゴー・トゥ・大都会	月裏	ニャン・トンロン					319	A	2026/10/03	maruma	WIN2
23.竹取オーバーナイトセンセーション/HoneyWorks　×ゲオス→②テフミネ	竹取オーバーナイトセンセーション	HoneyWorks						319	A	2026/10/03	ゲオス	NG	テフミネ	OK1
24.ネクロマンスラヴ/Fushi　×手下→③なごん	ネクロマンスラヴ	Fushi						319	A	2026/10/03	手下	NG	なごん	OK3
25.flowertone/古墳P　・スルー	flowertone	古墳P						319	A	2026/10/03		SKIP
26.難聴系男子が倒せない/ラマーズP　③眠くない人	難聴系男子が倒せない	ラマーズP						319	A	2026/10/03	眠くない人	OK3
27.ブラッディ グラビティ/ねじ式　②テフミネ	ブラッディ　グラビティ	ねじ式						319	A	2026/10/03	テフミネ	OK2
28.脱げばいいってモンじゃない！/デッドボールP　④眠くない人	脱げばいいってモンじゃない！	デッドボールP						319	A	2026/10/03	眠くない人	OK4
29.QUEEN/風原　①手下	QUEEN	風原						319	A	2026/10/03	手下	OK1
30.見えない黒に堕ちてゆけ/kaoling　②手下	見えない黒に堕ちてゆけ	kaoling						319	A	2026/10/03	手下	OK2
31.君の彼女/西沢さんP　★(3)眠くない人	君の彼女	TOKOTOKO（西沢さんP）						319	A	2026/10/03	眠くない人	WIN3
32.カレラ/Sohbana　×手下→①ゲオス	カレラ	Sohbana						319	A	2026/10/03	手下	NG	ゲオス	OK1
33.アルセーヌ/wotaku　②にーも	アルセーヌ	wotaku						319	A	2026/10/03	にーも	OK2
34.再会/はるまきごはん　②とちこ	再会	はるまきごはん						319	A	2026/10/03	とちこ	OK2
35.ブックストア/oQ　・スルー	ブックストア	oQ						319	A	2026/10/03		SKIP
36.トップシークレット/すこっぷ　①Takuan	トップシークレット	すこっぷ						319	A	2026/10/03	Takuan	OK1
37.Ordinary/ポリスピカデリー　③手下	Ordinary	ポリスピカデリー						319	A	2026/10/03	手下	OK3
38.恋する☆ビーム/cillia　②ゲオス	恋する☆ビーム	cillia						319	A	2026/10/03	ゲオス	OK2
39.或る詩謡い人形の記録『言霊使いの呪い』/青磁　・スルー	或る詩謡い人形の記録『言霊使いの呪い』	青磁						319	A	2026/10/03		SKIP
40.解けない夏/Aqu3ra　④なごん	解けない夏	Aqu3ra						319	A	2026/10/03	なごん	OK4
41.Assault Mirage/Nhato×Taishi×GaSHOT　・スルー	Assault Mirage	Nhato	Taishi	GaSHOT				319	A	2026/10/03		SKIP
42.奈落/みきとP　③ゲオス	奈落	みきとP						319	A	2026/10/03	ゲオス	OK3
43.おれの闘病日記/大丈夫P　④ゲオス	おれの闘病日記	大丈夫P						319	A	2026/10/03	ゲオス	OK4
44.ラブリー少女/ぷく　×なごん→×ゲオス→×祝→④手下	ラブリー少女	ぷく						319	A	2026/10/03	なごん	NG	ゲオス	NG	祝公式	NG	手下	OK4
45.ブレス・ユア・ブレス/くらげP　②Takuan	ブレス・ユア・ブレス	和田たけあき						319	A	2026/10/03	Takuan	OK2
46.Closed Blue/40mP　★(4)と	Closed Blue	40mP						319	A	2026/10/03	と	WIN4
47.修羅薔薇/てにをは　×ゲオス→③とちこ	修羅薔薇	てにをは						319	A	2026/10/03	ゲオス	NG	とちこ	OK3
48.ニア/夏代孝明　★(5)手下	ニア	夏代孝明						319	A	2026/10/03	手下	WIN5
49.宣戦布告ブラインド/Moz　×テフミネ→×スルー	宣戦布告ブラインド	Moz						319	A	2026/10/03	テフミネ	NG		SKIP
50.反芻シ考/れるりり　★(6)なごん	反芻シ考	れるりり						319	A	2026/10/03	なごん	WIN6
51.0001/とりぴよ　④とちこ	0001	とりぴよ						319	A	2026/10/03	とちこ	OK4
52.疾風/のりP　★(7)とちこ	疾風	のりぴー						319	A	2026/10/03	とちこ	WIN7
53.THE WORLD END UMBRELLA/ハチ　①祝	THE WORLD END UMBRELLA	ハチ						319	A	2026/10/03	祝公式	OK1
54.1/100のアイ/すりぃ　③にーも	1/100のアイ	すりぃ						319	A	2026/10/03	にーも	OK3
55.Makes You a Fighter/梅とら　★(8)ゲオス	Makes You a Fighter	梅とら						319	A	2026/10/03	ゲオス	WIN8
56.このしあわせを/ふわりP　③Takuan	このしあわせを	ふわりP						319	A	2026/10/03	Takuan	OK3
57.顔本耽溺ガール/レフティーモンスター　③テフミネ	顔本耽溺ガール	レフティーモンスター						319	A	2026/10/03	テフミネ	OK3
58.マリオネットダンサー/ひらぎ　④Takuan	マリオネットダンサー	ひらぎ						319	A	2026/10/03	Takuan	OK4
59.CUGE!!/Sohbana　★(9)Takuan	CUGE!!	Sohbana						319	A	2026/10/03	Takuan	WIN9
60.ぬいぐるみのうた/ハヤシケイ　④テフミネ	ぬいぐるみのうた	ハヤシケイ						319	A	2026/10/03	テフミネ	OK4
61.Day＆Night/Aqu3ra　④にーも	Day＆Night	Aqu3ra						319	A	2026/10/03	にーも	OK4
62.Starduster/ジミーサムP　★(10)にーも	Starduster	ジミーサムP						319	A	2026/10/03	にーも	WIN10
63.アルコールソング/OSTER project　②祝	アルコールソング	OSTER project						319	A	2026/10/03	祝公式	OK2
64.反芻の印象/ふる　・スルー	反芻の印象	ふる						319	A	2026/10/03		SKIP
65.好き好き好き好き好き好き好き好き好き/ピノキオピー　×祝→★(11)テフミネ	好き好き好き好き好き好き好き好き好き	ピノキオピー						319	A	2026/10/03	祝公式	NG	テフミネ	WIN11
66.彗星ハネムーン/ナユタン星人　③祝	彗星ハネムーン	ナユタン星人						319	A	2026/10/03	祝公式	OK3
67.シャドウタッグ/ばっどがい　・スルー	シャドウタッグ	ばっどがい						319	A	2026/10/03		SKIP
68.自由に捕らわれる。/カンザキイオリ　④祝	自由に捕らわれる。	カンザキイオリ						319	A	2026/10/03	祝公式	OK4
69.w/o U/r-906　・スルー	w/o U	r-906						319	A	2026/10/03		SKIP
70.ビートシンカー/DIVELA　★(12)祝	ビートシンカー	DIVELA						319	A	2026/10/03	祝公式	WIN12
01.エゴ/sasakure.UK　①うつぼっち	エゴ	sasakure.UK						319	C1	2026/10/03	うつぼっち	OK1
02.未来へ来てしまった/あえる　①HaRu	未来へ来てしまった	あえる						319	C1	2026/10/03	Ha.Ru.	OK1
03.ミュージックミュージック/とあ　×フリスク→②うつぼっち	ミュージックミュージック	とあ						319	C1	2026/10/03	フリスク	NG	うつぼっち	OK2
04.Happy Halloween/Junky　③うつぼっち	Happy Halloween	Junky						319	C1	2026/10/03	うつぼっち	OK3
05.オサナナブルー/Last Note　①ぴーなっつ	オサナナブルー	Last Note.						319	C1	2026/10/03	ぴーなっつ	OK1
06.フィクサー/ぬゆり　④うつぼっち	フィクサー	ぬゆり						319	C1	2026/10/03	うつぼっち	OK4
07.メディカドール/STEAKA　×うつぼっち→×稲葉快晴→②HaRu	メディカドール	STEAKA						319	C1	2026/10/03	うつぼっち	NG	稲葉快晴	NG	Ha.Ru.	OK2
08.グラーヴェ/niki　×フリスク→①なすの惑星	グラーヴェ	niki						319	C1	2026/10/03	フリスク	NG	なすの惑星	OK1
09.みずいろギターロケット/色白　②ぴーなっつ	みずいろギターロケット	色白						319	C1	2026/10/03	ぴーなっつ	OK2
10.ウニクラゲ/なみぐる　①クスノキ	ウニクラゲ	なみぐる						319	C1	2026/10/03	クスノキ	OK1
11.歌うbot/原口沙輔　×フリスク→③HaRu	歌うbot	原口沙輔						319	C1	2026/10/03	フリスク	NG	Ha.Ru.	OK3
12.幻奏サティスファクション/蝶々P　①Abby	幻奏サティスファクション	蝶々P						319	C1	2026/10/03	Abbey	OK1
13.へんじんおんがく/littlebylittle　①びほーと	へんじんおんがく	littlebylittle						319	C1	2026/10/03	びほーと	OK1
14.Qualia/ハチ　②クスノキ	Qualia	ハチ						319	C1	2026/10/03	クスノキ	OK2
15.桃源郷へ行こう/picdo　①フリスク	桃源郷へ行こう	picdo						319	C1	2026/10/03	フリスク	OK1
16.じう/伊根　①HaRu	じう	伊根						319	C1	2026/10/03	Ha.Ru.	OK4
17.フォニイ/ツミキ　★(1)うつぼっち	フォニイ	ツミキ						319	C1	2026/10/03	うつぼっち	WIN1
18.堕落天国/雨の介　①眠い人	堕落天国	雨の介						319	C1	2026/10/03	眠い人	OK1
19.あの子みたいに/柏木カレキ　×Abby→②びほーと	あの子みたいに	柏木カレキ						319	C1	2026/10/03	Abbey	NG	びほーと	OK2
20.深層カルマ/カルマ　・スルー	深層カルマ	アフロ1号2号						319	C1	2026/10/03		SKIP
21.サディスティック・ラブ/Junky　×なすの惑星→×クスノキ→③ぴーなっつ	サディスティック・ラブ	Junky						319	C1	2026/10/03	なすの惑星	NG	クスノキ	NG	ぴーなっつ	OK3
22.アブストラクト・ナンセンス/Neru　③びほーと	アブストラクト・ナンセンス	Neru						319	C1	2026/10/03	びほーと	OK3
23.AIDANA!!!!/きさら　②眠い人	AIDANA!!!!	きさら						319	C1	2026/10/03	眠い人	OK2
24.天才ロック/カラスヤサボウ　②フリスク	天才ロック	カラスヤサボウ						319	C1	2026/10/03	フリスク	OK2
25.ワロングフル・ディテンション/ショミ　・スルー	ワロングフル・ディテンション	ショミ						319	C1	2026/10/03		SKIP
26.泡沫未来/加賀(ネギシャワーP)　③眠い人	泡沫未来	加賀(ネギシャワーP)						319	C1	2026/10/03	眠い人	OK3
27.ぜろ/ピノキオピー　③フリスク	ぜろ	ピノキオピー						319	C1	2026/10/03	フリスク	OK3
28.エイムレスウォーカー/*Luna　④眠い人	エイムレスウォーカー	*Luna						319	C1	2026/10/03	眠い人	OK4
29.アッシュなミルクティー/ねじ式　・スルー	アッシュなミルクティー	ねじ式						319	C1	2026/10/03		SKIP
30.drop pop candy/ギガ　③クスノキ	drop pop candy	ギガ						319	C1	2026/10/03	クスノキ	OK3
31.偽りの五線譜/キョータ　・スルー	偽りの五線譜	キョータ						319	C1	2026/10/03		SKIP
32.夏蜘蛛/流星P　×びほーと→★(2)HaRu	夏蜘蛛	流星P						319	C1	2026/10/03	びほーと	NG	Ha.Ru.	WIN2
33.パーフェクション/柊マグネタイト　★(3)眠い人	パーフェクション	柊マグネタイト						319	C1	2026/10/03	眠い人	WIN3
34.White Snow Falling/OSTER project　・スルー	White Snow Falling	OSTER project						319	C1	2026/10/03		SKIP
35.コぇちっちゃくてゴ×ンネ/暴走P　④ぴーなっつ	コぇちっちゃ＜てゴ×ンネ	cosMo@暴走P						319	C1	2026/10/03	ぴーなっつ	OK4
36.一途/こめだわら　×フリスク→×ぬゅら→×ぴーなっつ→×なすの惑星	一途	こめだわら						319	C1	2026/10/03	フリスク	NG	ぬゅら	NG	ぴーなっつ	NG	なすの惑星	NG		SKIP
37.ノロ/shimon　①稲葉快晴	ノロ	¿?shimon						319	C1	2026/10/03	稲葉快晴	OK1
38ラストダンス/Eve　①すぼ	ラストダンス	Eve						319	C1	2026/10/03	すぼ	OK1
39.剛毛ハート/アゴアニキ　・スルー	剛毛ハート	アゴアニキ						319	C1	2026/10/03		SKIP
40.フェネストラ/CapsLack　・スルー	フェネストラ	CapsLack						319	C1	2026/10/03		SKIP
41.Gravity=Reality/samfree　④クスノキ	Gravity=Reality	samfree						319	C1	2026/10/03	クスノキ	OK4
42.ロキ/みきとP　②すぼ	ロキ	みきとP						319	C1	2026/10/03	すぼ	OK2
43.リセット/164　★(4)クスノキ	リセット	164						319	C1	2026/10/03	クスノキ	WIN4
44.一触即発☆禅ガール/れるりり　×すぼ→②Abby	一触即発☆禅ガール	れるりり						319	C1	2026/10/03	すぼ	NG	Abbey	OK2
45.パノプティコン/r-906　④フリスク	パノプティコン	r-906						319	C1	2026/10/03	フリスク	OK4
46.かくれんぼ/buzzG　④びほーと	かくれんぼ	buzzG						319	C1	2026/10/03	びほーと	OK4
47.ガ/鬱P　②稲葉快晴	ガ	鬱P						319	C1	2026/10/03	稲葉快晴	OK2
48.ミーミルの花/トーマ　・スルー	ミーミルの花	トーマ						319	C1	2026/10/03		SKIP
49.Fake Lover/ジミーサムP　②なすの惑星	Fake Lover	ジミーサムP						319	C1	2026/10/03	なすの惑星	OK2
50.クソみたいなJ-POP/梨本うい　★(5)ぴーなっつ	クソみたいなJ-POP	梨本うい						319	C1	2026/10/03	ぴーなっつ	WIN5
51.ロスト、シュタイナー/卯花ロク　③すぼ	ロスト、シュタイナー	卯花ロク						319	C1	2026/10/03	すぼ	OK3
52.夏掛けの群青/ちいたな　・スルー	夏掛けの群青	ちいたな						319	C1	2026/10/03		SKIP
53.天樂-双響-/ゆうゆ　★(6)フリスク	天樂	ゆうゆ						319	C1	2026/10/03	フリスク	WIN6
54.ハートブレイク・ヘッドライン/40mP　③Abby	ハートブレイク・ヘッドライン	40mP						319	C1	2026/10/03	Abbey	OK3
55.転生林檎/ピノキオピー　④すぼ	転生林檎	ピノキオピー						319	C1	2026/10/03	すぼ	OK4
56.Never Die/ゆよゆっぺ　③なすの惑星	Never Die	ゆよゆっぺ						319	C1	2026/10/03	なすの惑星	OK3
57.エクスプロウル/晴いちばん　×すぼ→★(7)びほーと	エクスプロウル	晴いちばん						319	C1	2026/10/03	すぼ	NG	びほーと	WIN7
58.ラズルダズル/TOS　・スルー	ラズルダズル	T0S						319	C1	2026/10/03		SKIP
59.帝国少女/R Sound Design　③稲葉快晴	帝国少女	R Sound Design						319	C1	2026/10/03	稲葉快晴	OK3
60.BURNING/梅とら　・スルー	BURNING	梅とら						319	C1	2026/10/03		SKIP
61.散歩の邪魔/いよわ　④稲葉快晴	散歩の邪魔	いよわ						319	C1	2026/10/03	稲葉快晴	OK4
62.彗星/モナカファクトリー　×Abby	彗星	monaca:factory						319	C1	2026/10/03	Abbey	NG		SKIP
63.ひとりぼっちのダンシング/今日犬　・スルー	ひとりぼっちのダンシング	今日犬						319	C1	2026/10/03		SKIP
64.げのげ/なきそ　★(8)稲葉快晴	げのげ	なきそ						319	C1	2026/10/03	稲葉快晴	WIN8
65.ぽかぽかの星/はるまきごはん　④なすの惑星	ぽかぽかの星	はるまきごはん						319	C1	2026/10/03	なすの惑星	OK4
66.Initial Song/40mP　④Abby	Initial Song	40mP						319	C1	2026/10/03	Abbey	OK4
67.琥珀色の風/れるりり　×なすの惑星	琥珀色の風	れるりり						319	C1	2026/10/03	なすの惑星	NG		SKIP
68.リレイアウター/稲葉曇　★(9)すぼ	リレイアウター	稲葉曇						319	C1	2026/10/03	すぼ	WIN9
69.シャララ/黒うさ　・スルー	シャララ	黒うさP						319	C1	2026/10/03		SKIP
70.ヴィータ/柊キライ　★(10)Abby	ヴィータ	柊キライ						319	C1	2026/10/03	Abbey	WIN10
71.あなたしか見えないの/r-906　×ぬゅら→★(11)なすの惑星	あなたしか見えないの	r-906						319	C1	2026/10/03	ぬゅら	NG	なすの惑星	WIN11
72.濫觴生命/Orangestar　×ぬゅら	濫觴生命	Orangestar						319	C1	2026/10/03	ぬゅら	NG		SKIP
73.ダブルラリアット/アゴアニキ　①ぬゅら	ダブルラリアット	アゴアニキ						319	C1	2026/10/03	ぬゅら	OK1
74.よるのゆめ/想太　・スルー	よるのゆめ	想太						319	C1	2026/10/03		SKIP
75.from Y to Y/ジミーサムP　・スルー	from Y to Y	ジミーサムP						319	C1	2026/10/03		SKIP
76.スターダストメドレー/きさら　②ぬゅら	スターダストメドレー	きさら						319	C1	2026/10/03	ぬゅら	OK2
77.QUI/sasakure.UK　・スルー	QUI	sasakure.UK						319	C1	2026/10/03		SKIP
78.妄想税/DECO*27　③ぬゅら	妄想税	DECO*27						319	C1	2026/10/03	ぬゅら	OK3
79.アユミ☆マジカルショータイム/キノシタ　④ぬゅら	アユミ☆マジカルショータイム	キノシタ						319	C1	2026/10/03	ぬゅら	OK4
80.スーサイドパレヱド/ユリイ・カノン　★(12)ぬゅら	スーサイドパレヱド	ユリイ・カノン						319	C1	2026/10/03	ぬゅら	WIN12
