777										
8610										
Abbey	Abeey	Ivy	lvy							
Acro	AcroBat	Acroβα†								
AGAIN										
alice										
Allium	Alium									
aq瑠璃										
ayano	あやの									
buta3	ぶたさん									
Camellia										
Charlotte	シャルロッテ									
chia*	chia									
chilbrain										
Cumber										
F4										
FeLL										
fuji#	fuij#	fuji								
Ha.Ru.	Ha.Ru	Ha,Ru.	HaRu							
hal										
HAN										
HANA										
itoRia										
Klayn										
kowaiyatu										
LEII										
Lyz	Reia	Lyz.								
L部										
maruma	まるま									
Moai太郎	Moai	モアイ								
MR49										
N氏	えぬし									
Ottoooooo	Ottooooo	Ottooooooo								
paradoxes	paradoxe	paradpxes	praradoxes	paradozes	paradaxes	ぱらど				
PlusC										
R_r										
rina										
RRR										
ruin	るーいん	るんるんるーいん								
Sohbana										
SPEED_STAR										
STN										
Takuan										
tundra	tundta									
Wa!ter										
yoru										
yu-na*	yu-na	ゆーな（観戦中）	ゆーな（観戦）	ゆーな						
あー										
あいおい	あいおいッ									
アイス	THAI									
あいで										
アイ酢										
あお										
あご星人										
あさいん										
あざばて。	あざばて	ぶくれしゅち	湯田							
あさぼらけ										
あざらし										
あだだだ	あだだだっ									
アバタシモエラ										
アポ										
ありちか	有近									
アルカリ	あるかり									
いつき										
ヴィネガー										
ｳｪｽﾄﾌｧﾘｱ条約										
うつ										
うつぼっち	うつぼ									
エイミー										
えだまめ										
えのもと										
エリー										
おとまる										
おぷち										
おやすみ										
オワタ＼(^o^)／										
がお〜	かお〜	がぉ〜	がおー							
かがみおん	みおん	かがみん								
カグッ★										
かげひなた										
カサダ	まーしー									
かなくり										
かのん										
かぷちゃん	かぷ									
かりゅうど										
がんこー	野獣の眼光									
きぐな										
ギザ										
きゃべつ	きゃぺつ									
きゅーいちさん	きゅーいちさん！									
クスノキ	くすのき									
くちば										
くま	くま🐻									
くま🍊										
くらうん										
くらこ	うなぷれこ	わっほい	わっほい！							
ぐりーん										
グルーガン										
くるみ										
クロ	クロさん									
クロッチ	ミリオンP									
けあ										
ゲオス										
けんくろ										
コウ										
こたつ										
こまる										
こん										
こんこん										
こんぶ										
サイコパステル										
さいころ										
さいわい										
さいわさ										
さとね										
しいな										
しーや										
シーラ	しーら									
しぐれ										
シチュー										
しみら										
しゃい										
しゃい＆海月										
しょうま	すし									
しょどー	syodou	syudou								
しるばー										
しろねき										
じんない										
すBAR										
スーモ	suumo									
すだち										
すとくら	ストクラ									
すべから	すべ									
すぼ										
すもも										
スライドポテト	ｽﾗｲﾄﾞﾎﾟﾃﾄ									
スル										
ずんだ										
せえ	せぇ									
せーもん										
セレスト										
そい										
そふぃー										
そら										
たいこさん	太鼓さん									
たいぞー										
たかそう										
たかな										
たかは										
たき火	ぼうはち	スポーツ選手								
たぴお										
たらぼ										
タルタル素数	タルタル素素									
ちみ										
チョコ										
つばさ										
つみか										
テフミネ										
デ派	ちゃむりえる	ちゃむりえむ	ではちゃむ	デカダン	chamliel					
と										
とある逢瀬	とおる逢瀬									
とげ										
とちこ										
とつは	はと									
とやこや										
トラノオ	とらのお	トラノヲ	アクロバット							
とりりす。	とりりす									
なえとる										
なぐさ										
なごん										
なず										
なすの惑星										
なす公式	なす	🍆								
ななわり										
なまこむぎ										
なめこんぶ										
にーも	に―も									
ニナ										
ぬ										
ぬーん										
ぬゅら	ヌュラ	いろは								
ねこたろー	ねこたろ									
ねるこ										
ぱぁ										
ぱーそん										
ハガネ	HAGANE									
はげお	おはげ	はげ	HAGEO	HAGE						
ばさし	ばさ氏									
はす										
ぱち										
パム	ぱむ									
パワ史	ヤクチュウ									
ひーた										
びーどら	どら									
ぴーなっつ										
ひえひえ昆布										
ひがし										
びほーと	ぴほーと									
びほーと妹										
ぴよ	ぴよちゃむ									
ぷーまる										
フォルテ	ォルテ									
ふつか	2日									
ぶどくん										
ふむじま										
フリスク										
ぷれいやあ										
ふわふわ	ふわ									
ベガ										
ぺとぉせり	ぱせり	ぺとせり								
ベンガル										
ぽしゃぽしゃ										
ぽっくる										
ぽわ。	海月	＃0522	#0522	#0522	海月ちゃん	らげちゃん	くらげ	らげ	ぽわ	
ホワイト	ほわいと									
ホワイトホールヶ丘商店街	ホワホ	ほわほ	鈴木	丘						
ぽわぽわーくす	椎名もた大好き									
ぽんず	硝子									
ぽんぬ	えりぽんぬ									
まーぼ										
まかろにー	まろにー									
まきびし										
マグカップ										
まつせ	また切									
ﾏﾞｯｯｯ	ﾏ゛ｯｯｯ	ﾏｯｯｯ	ﾏ゛ｯｯ	ﾏ˝ｯｯｯ	ﾏｯ	ﾏ"ｯｯｯ				
マリ										
みう										
みせいねん	みせ									
みほりん										
みまさか										
む										
むめも										
め										
めみこ										
メラバグ										
もちほな										
もやしP										
もわし										
やっくー										
やま										
ゆーと	ユート									
ゆきもふ	雪モフ									
ゆなみ										
ゆゆ										
ゆゆゆ										
よかずき	よかづき									
ラークス	らーくす									
らいじ	生神									
ラビ										
らぴす	のな									
らびっと	ラビット									
ランス										
りつりつ										
リヤムク										
リリアダ										
りりく	Nの3乗									
りん										
りんかみ										
ルナ・アリス	ルナアリス									
ルンバ										
レイ	れい									
れもんなっとう										
れんげ										
ろあ										
ろいな										
ろめちゃん	ろめ	激中華	劇中歌							
ロろロん										
わいえい	waiei									
ワヲンルリヤ	ワヲンユリヤ									
安息香酸										
惟月	yuduki	羽田惟月								
稲葉快晴	稲場快晴									
雨嵐										
影山										
塩泡										
音										
花浅葱										
会長										
海夏										
間宵										
既設定										
空調設備										
計量カップ										
高1										
黒岩秀太	くろいわ	ネギ6本								
最強の私										
詩歌	しいか	詩唄								
時雨										
汐波諱	汐波 諱	諱	いみな							
鹿猫										
手下										
終了										
祝公式	祝(公式)	祝公式ッ	祝	㊗️	㊗️公式	㊗(公式)	㊗︎			
上海スベスベ	上海スペスペ									
水葬										
水筒										
水風船										
翠	翠(あお)									
世界のYAMADA	YAMADA									
星兎	ほしうさ									
雪にゃ〜	雪にゃ〜。	雪にゃー	雪にゃ〜ッ							
千夜										
奏音										
造朱										
隊長	特攻隊長									
鷹宮										
棚旗										
竹輪										
直線ℓ	直線l									
定禅寺透	定禅寺 透									
冬花										
八神猪熊	いくま	いかづきぼたん	いかずきぼたん	猪熊						
半ライス										
飛鳥										
尾白もち	尾白もみ	尾白もせ	てばこ	てばこめめ	手羽先	もち	おもち			
微熱	横向きのハゲ(微熱)									
浮影										
遍くゾゾ										
防虫剤										
眠い人										
眠くない人	ねむ	眠くないよ								
明日夏										
矢鼓蓮乃										
旅行者気質										
涼水悠香	すずみん									
恋ちゃん	恋									
澪山フーガ	澪山	みおやま								
薊										
鶉楽ユメ	うすらゆめ	桜咲ユメ	桜咲	ユメ	うっすらユメ	ぐっすりユメ	ふっくらユメ	みっくりユメ	るんるんユメ	もちあず
堯幸	尭幸	僥倖								
おはよう										
カオス										
きょうぼく										
くら										
しがない炭酸飲料	しがたん									
そ										
ふーへん										