	
独りんぼエンヴィー	koyori(電ポルP)
アンハッピーリフレイン	wowaka
回生	◈*ゆくえわっと
ネ⠀土⠀会⠀ェ⠀貝⠀南⠀犬⠀☆⠀カ⠀ゞ⠀ん⠀I⠀よ⠀″⠀る⠀ノ⠀D⠀A⠀!!｡	ぬぬぬぬぬぬぬぬぬぬぬぬぬぬぬぬ
匿名M	ピノキオピー
幽霊東京	Ayase
ハウトゥワープ	ナユタン星人
ヒビカセ	Giga
リンカーネイション	kemu
戯言スピーカー	ササノマリイ
金曜日のおはよう -another story-	HoneyWorks
ボルテッカ―	DECO*27
ルカルカ★ナイトフィーバー	samfree
1/6 -out of the gravity-	ぼーかりおどP
BadBye	koma'n
み　む　かｩ　わ　ナ　イ　ス　ト　ラ　イ	ぬぬぬぬぬぬぬぬぬぬぬぬぬぬぬぬ
可不ちゃんのカレーうどん狂騒曲	南ノ南
悪ノ召使	悪ノP
泡沫未来	加賀(ネギシャワーP)
ステラ	じん
ヒアソビ	かめりあ
Let Me Take You	banvox
M	とあ
人生リセットボタン	kemu
劇場愛歌	n-buna
絵本『人柱アリス』	歪P
スキスキ絶頂症	koyori(電ポルP)
ターミナル	ぬゆり
88☆彡	kemu まらしぃ
Birthday Song for ミク	Mitchie M
ろりこんでよかった～	Takebo3
死ぬにはいい日だった	ピコン
脱獄	Neru
言葉のいらない約束	HoneyWorks
閻魔さまのいうとおり	ピノキオピー
飛行少女	ナユタン星人
驫麤～とりぷるばか～	ラマーズP
アイデンティティ	Kanaria
イカサマライフゲイム	kemu
カミサマネジマキ	kemu
パーフェクト生命	ナユタン星人
フリィダム ロリィタ	ねじ式
メカクシコード	じん
リモコン	ワンダフル★オポチュニティ！
Dancer in the Dark	有機酸
LUVORATORRRRRY!	Giga
Masked Bitch	Giga
怪盗Fの台本～消えたダイヤの謎～	ひとしずく やま△
愛迷エレジー	DECO*27
曖昧劣情Lover	koyori(電ポルP)
東京サマーセッション	HoneyWorks
演劇テレプシコーラ	ハチ
アンドロメダアンドロメダ	ナユタン星人
イヤホンと蝉時雨	Orangestar
ゴキブリの味	MARETU
ジェミニ	Dixie Flatline
ジョーク	青屋夏生
ハングリーモンスター	TOKOTOKO(西沢さんP)
フタリボシ	40mP
ラプンツェル	n-buna
ワンダーランドと羊の歌	ハチ
EYE	Kanaria
KSGR地獄の刑	ワンダフル★オポチュニティ！
Lap Tap Love	koyori(電ポルP)
QUEEN	Kanaria
Sweetiex2	Dixie Flatline
What's up? Pop!	Capchii
お気に召すまま	Eve
くたばろうぜ	Neru
人造エネミー	じん
囚人	囚人P
心象カスケード	koyori(電ポルP)
悪ノ娘	悪ノP
撫でんな	柊マグネタイト
生意気ハニー	HoneyWorks
終末じゃない	ぬゆり
赤心性:カマトト荒療治	スズム
黎明	Noz.
ヲズワルド	煮ル果実
アイサイト・ラブ	d.j.ァネイロ
キティ	ツミキ
チット・チャット・マーチ！	Omoi
ビバハピ	Mitchie M
メリーゴーラウンド	加賀(ネギシャワーP)
リリリリ★バーニングナイト	samfree
Daybreak	samfree
EveR ∞ LastinG ∞ NighT	ひとしずく やま△
Fire◎Flower	halyosy
MAZE	Noz.
MIRA	Kanaria
My Colorful Confuse	家の裏でマンボウが死んでるP
Nyanyanyanyanyanyanya!	daniwell
WAA!!!!	Omoi
ていていしんじゃえ	4o
ぼくらはみんな意味不明	ピノキオピー
今好きになる。 -triangle story-	HoneyWorks
卑怯戦隊うろたんだー	シンP
家に帰ると妻が必ず死んだふりをしています。	ほぼ日P
心臓デモクラシー	みきとP
惑星ループ	ナユタン星人
捨て子のステラ	Neru
明日世界が滅ぶなら	プロペリン
梅雨明けの	ぷす
百花繚乱☆スターマイン	雪乃イト
百葉箱	はこ
背景、夏に溺れる	n-buna
脱げばいいってモンじゃない！	デッドボールP
アイロニーナ	煮ル果実
アンデッドエネミー	Giga スズム
ギガンティックO.T.N	Giga
シティライツ	椎名もた
ノイローゼ	栗山夕璃
ハオ	DECO*27
ハローディストピア	まふまふ
マネマネサイコトロピック	かいりきベア
メーベル	バルーン
メグメグ☆ファイアーエンドレスナイト	samfree
モ　ミ　ア　ゲ　ヲ　シ　ャ　カ　ア　ゲ　ヲ	ぬぬぬぬぬぬぬぬぬぬぬぬぬぬぬぬ
ロキ	みきとP
ロジカ	かいりきベア
＋♂	Giga
7	梅とら
ELECT	niki
letter song	doriko
Music Wizard of OZ	OSTER project
ONE OFF MIND	栗山夕璃
Paranoid Doll	natsuP
ReAct	黒うさP
soundless voice	ひとしずく
VOiCE	ラヴリーP
∞	cosMo@暴走P
あだぽしゃ	いよわ
おこちゃま戦争	Giga
たぶん終わり	いよわ
のろいのめか゛ね ～ stray girl in her lenses	ぶっちぎりP
はらぺこのルベル	koyori(電ポルP)
ぼうけんのしょがきえました！	ワンダフル★オポチュニティ！
よ　う　こ　そ、　シ　チ　ュ　ー　う　ど　ん　銭　湯　へ　!!	ぬぬぬぬぬぬぬぬぬぬぬぬぬぬぬぬ
仮死化	遼遼
作曲するならいまのうち！	ラマーズP
刹月華	natsuP
刹那プラス	みきとP
千年の独奏歌	yanagi
崩壊歌姫 -disruptive diva-	マチゲリータ
心臓コネクト	スズム
惑星のダンスフロア	サンリオ
或世界消失	柊マグネタイト
相愛性理論	DECO*27
自傷無色	ササノマリイ
アイムハイ	MARETU
イジワルな出会い	HoneyWorks
エリカ	あめのむらくもP
オペ	栗山夕璃
キラークイーン	Ayase
ジターバグ	栗山夕璃
チェリーコークにペパーミント	Ingen
ハッ	かぼちゃ
バイタルサイン	栗山夕璃
バイビーベイビーサヨウナラ	saiB
パイロキネシス	saiB
ホン・デ・ジュ	バーミーズ
ミラーリング	バルーン
ユカユカ☆ヘヴンリーナイト	samfree
ラズライト	*Luna
リグレット	とあ
ワールドワイドワンダー	TOKOTOKO(西沢さんP)
Alice in Musicland	OSTER project
Chaining Intention	Treow
Crazy ∞ nighT	ひとしずく やま△
Gravity=Reality	samfree
LaLaL危	梅とら
Party Junkie	さつき が てんこもり
てらてら	和田たけあき
みんなみくみくにしてあげる♪	ika
大江戸ジュリアナイト	Mitchie M
対象x	ユリイ・カノン
従属ふりったー	koyori(電ポルP)
恋の恋による恋のための恋	ピノキオピー
懺悔参り	羽生まゐご
我が儘賛歌	◈*ゆくえわっと
敗北の少年	kemu
未来景イノセンス	koyori(電ポルP)
残響	164
空想世界とオモチャの心臓	まふまふ
豚になってyeah yeah	Neru
負け犬至上主義	150P
金星のダンス	ナユタン星人
闇色アリス	samfree
頭ン痛	えいぷ
馬鹿	syudou
インターネットカラオケマン	ほぼ日P
エレクトリック・ラブ	八王子P
エンゼルフィッシュ	パトリチェフ
カフネ	有機酸
クラブ=マジェスティ	nyanyannya
ストラトステラ	ナユタン星人
ゾートロープ	栗山夕璃
タイガーランペイジ	sasakure.UK
トーデス・トリープ	ユリイ・カノン
ドクヘビ	かめりあ
ニナ	ピノキオピー
ハイタ	遼遼
ファミレスいこうよ	カルロス袴田(サイゼP)
フィクションブルー	Ayase
フレー	HoneyWorks
ライムライト	栗山夕璃
ルーセ	伊根
-ERROR	niki
ANIMAる	梅とら
BLUE BACK	じん
Deep	袖野あらわ
drop pop candy	Giga
Euthanasia	samfree
melody...	mikuru396
Peaky Peaky	みきとP
SAYONARA	てぃあら
SPiCa	とくP
STEP TO YOU	40mP
Sweet Devil	八王子P
Twilight ∞ nighT	ひとしずく やま△
さよならスーヴェニア	とあ
しんでしまうとはなさけない！	ワンダフル★オポチュニティ！
だんだん早くなる	40mP
にっこり^^調査隊のテーマ	ワンダフル★オポチュニティ！
ぽっぴっぽー	ラマーズP
一騎当千	梅とら
世界は恋に落ちている	HoneyWorks
先生あのね	TOKOTOKO(西沢さんP)
再演	RINGO
回る空うさぎ	Orangestar
夜空にふたつ	koyori(電ポルP)
感情泥棒	40mP
朝を呑む	バルーン
浮かれバケモノの朗らかな破綻	家の裏でマンボウが死んでるP
無人駅	n-buna
無辜のあなた	いよわ
百鬼祭	Kanaria
紙飛行機	囚人P
背徳の記憶～The Lost Memory～	natsuP
虎視眈々	梅とら
衝動×パンデモニクス	ぽりふぉ
超常現象	ろくろ
迷的サイバネティックス	otetsu
鏡音レンの暴走	cosMo@暴走P
顔本耽溺ガール	レフティーモンスター
アンビバレンツ	流星P
イヤガール	かいりきベア
ガ	鬱P
ケモサビ	しーくん
サルバドール	煮ル果実
シオン	PIPPO
ドリル無双。～異世界転生して神からドリルを授かった私は、王女を助けたりニセ勇者を追放したり魔王を討伐して最強になったのでスローライフを送ります～	GYARI
ハートブレイク≒ブルース	ケダルイ
バベルサーカス	清水コウ
ブラッディ グラビティ	ねじ式
ポプリさん	いよわ
ママ	HoneyWorks
ロストエンファウンド	sasakure.UK
BURNING	梅とら
Desire	otetsu
EARTH DAY	はりーP
HAPPY SHAPE	栗山夕璃
magic city	koyori(電ポルP)
Scrap&build	40mP
Toy Box	ジミーサムP
WAVEFILE	ラマーズP
Yellow	kz
あの娘シークレット	Eve
あの日葬られた君と	Ray
い～やい～やい～や	Neru
おはよう、僕の歌姫	傘村トータ
お茶ガール	清水コウ
ごめんねアラビアータ	Ingen
さよならワンダーノイズ	n-buna
一角獣	てにをは
凹面黙示録	柊マグネタイト
君の脈で踊りたかった	ピコン
唯々なりレイデエ	koyori(電ポルP)
唯一、愛ノ詠	梅とら
園庭想空の女少	cosMo@暴走P
少女の空想庭園	cosMo@暴走P
巨大少女	40mP
常世の気まぐれ	koyori(電ポルP)
恋人のランジェ	ハチ
恋空予報	koyori(電ポルP)
愛Dee	Mitchie M
愛×愛ホイッスル	ぽりふぉ
愛に奇術師	koyori(電ポルP)
方向音痴	アゴアニキ
旧約汎化街	柊マグネタイト
月を探して	koyori(電ポルP)
東京ゾンビランド	ワンダフル★オポチュニティ！
桃源郷へ行こう	picdo
桜のような恋でした	samfree
桜色タイムカプセル	スズム
歌声リフレイン	雪乃イト
物をぱらぱら壊す	きくお
生意気ハニー -another story-	HoneyWorks
盲目の怪物	ひらぎ
秋の未確認生物	子牛
秘密男女の関係	TOKOTOKO(西沢さんP)
自己嫌悪	銀サク
花	Guiano
「Ib」	清水コウ
ウッドペッカーは夜泣く	有機酸
オーネヘルツ	Omoi
ガラクタ姫とアポストロフ	sasakure.UK
ゲイムオーバー	Relu
コトバトラボラト	daniwell
ゴー！ビッパ団	ワンダフル★オポチュニティ！
シャボン	栗山夕璃
シックス・フィート・アンダー	Aqu3ra
スマートを模索する	sasakure.UK
ダヴィンチの告白	ⅥⅥ
ダチュラと林檎	ねじ式
ディザーチューン	DIVELA
ディジーディジー	栗山夕璃
トウキョウト・ロック・シティ	えこ。
ネアの幻遊	清水コウ
ハッピーエンドグレーテル	KulfiQ
ハナイロ☆シャイガール	キノシタ
バラードじゃ物足りないわ	Noz.
ヒール	遼遼
ビートシンカー	DIVELA
ファイヴ	Omoi
フォトンブルー	はるまきごはん
ブレイクアウト！	LOLI.COM
プリズム	メル
プレデター	遼遼
ポジポジ	よし屋
ミスリード・ミスリード	Omoi
リンちゃんリリリリリ	シーベ
Afterglow	ジミーサムP
blue bird	とくP
drop pop candy	Giga れをる
Fading ghost	栗山夕璃
GIFT	花束P
Iris	Noz.
Japanese Ninja No.1	デッドボールP
My Name Is 初音ミク	やながみゆき
OXYPETALUM	栗山夕璃
Perfect Crime	samfree
PLATONIC GIRL	みきとP
Promise	samfree
Re_birthday	悪ノP
Secret Sleuth	栗山夕璃
Snow Song Show	DECO*27 sasakure.UK
S・K・Y	ライブP
THE WORLDS	FB777
transient future	otetsu
Transmit	シグナルP
World on Color	koyori(電ポルP)
いつか笑顔、いつも笑顔	たまぁ～ず
お姫様は電子音で眠る	ハチ
このとくべつな音色が素晴らしい	キノシタ
ごーまいうぇい！	キノシタ
しねばいいのに	どぶウサギ
せんせ	てにをは
にっ！	にっくきゆう
まちのこひとり	◈*ゆくえわっと
やどりぎ	Eve
三日月ライダー	40mP
上弦の月	黒うさP
八日目、雨が止む前に。	スズム
化孵化	sasakure.UK
天国へ行こう	きくお
奇跡さえも	Omoi
好きなのに (Part.Ⅰ)	Yasuha.
妄想疾患■ガール	もじゃ れるりり
巡姫舞踊曲	No.D
心拍ペアリング	雪乃イト
恋距離遠愛	DECO*27
息を止めると呼吸が出来なくなってしまうよ	三角コナ
才能なんか	葵木ゴウ
拘束プレイ	ぼいじゃあ
拝啓、晴天に告ぐ	カク
文学少年の憂鬱	ナノウ
明朝、猫は静かに嗤ふ	ろくろ
星空のライオン	emon(Tes.)
椿の花	デッドボールP
私は人間じゃないから。	デッドボールP
花の惑星	しぇろ
被害妄想携帯女子(笑)	Giga スズム
迷妄少年と小世界	164
遊星まっしらけ	ピノキオピー
過去形にできますか	Omoi
鉛の冠	有機酸
革命	シグナルP
革命性:オウサマ伝染病	スズム
黄金数	いよわ
アイムマイン	halyosy
アシッド・チョコレイト	トマト牛乳
アリア	Misumi
アルティメット	*Luna
インナーダーク	TOKOTOKO(西沢さんP)
ウルトラプラネット	koyori(電ポルP)
オマツリアンドゥワールド	YM
キマイラ	sasakure.UK
キミとボク、まわるセカイ。	19's Sound Factory
サマーフィルム	葵木ゴウ
シグナル	雪乃イト
スノーマン	halyosy
テロメアの産声	Heavenz
ナツノカゼ御来光	ぷす
ハッピーエンダー	Ayase
ハートビート・フロムユー	TOKOTOKO(西沢さんP)
ハイネとクライネ	煮ル果実
ヒトリユラリ	Kanaria MARETU
プレシャスジャンク	栗山夕璃
ペインイレイサー	halyosy
ミサイルキラー	4o
ミルキー	Noz.
ムーンライトダンサー	r-906
ヤキモチの答え-another story-	HoneyWorks
ライフライン	Junky
ラストメッセージ	Marvin Valentin
ラブソングに祝杯を！	TOKOTOKO(西沢さんP)
ラプラスワルツ	Misumi
ワーニングタイム	youまん
2018	niki
before light	keeno
Black Out	梅とら
CHU！して！	シグナルP
Conqueror	Sendra
Corruption Garden	Caz
DeAd or AliVe	リアルアキバボーイズ
Eve	ジミーサムP
fake doll	八王子P
GHOST	アヒル軍曹P
Ice Breaker	ねじ式
Imitator	ウタP
MIDI MASTER!!	ワンダフル★オポチュニティ！
proof of life	ひとしずく
Qualia	ハチ
Q。	Aira
Rera	だいすけP
SCREAM	梅とら
SIREN	MELORKER
SPIRAL GAME	natsuP
SUPER YELLOW	TOKOTOKO(西沢さんP)
te-yut-te	フェイP
ULTRA C	Giga TeddyLoid
UNBALANCE	シグナルP
Wash My Blood	デッドボールP
いいねってYEAH!	ワンダフル★オポチュニティ！
お返事まだカナ💦❓おじさん構文😁❗️	吉本おじさん
こころばなし	栗山夕璃
さよなら4月のドッペルさん	ササノマリイ
さよーならみなさん	椎名もた
ざらざら	⌘ハイノミ
しるべのクジラ	遼遼
そして君は月になった	きくお
それでも、恋	koyori(電ポルP)
つらい！やばい！つらい！	薄塩指数
なんだかとっても！いいかんじ	koushirou（卑屈P）
ぴんこすてぃっくLuv	Giga
りこりすめもりあ	とりぴよ
わたしの未成年観測	和田たけあき
世余威ノ宵	栗山夕璃
人間のくせになまいきだ	キノシタ
人類五分前仮説	スズム
僕らの街に愛が降る夜だ	TOKOTOKO(西沢さんP)
双光星	栗山夕璃
合鍵ガンマンと合鍵忍者	hanzo
君の彼女	TOKOTOKO(西沢さんP)
境界性ラインアート	ミリ子
夕暮れ蝉日記	まふまふ
夕染	バルーン
夜が引いていく	r-906
夜を飼う	TOKOTOKO(西沢さんP)
天国	ひらぎ
宇宙葬	玉木ちんたら
已己巳己	アゴアニキ
幻影	はるまきごはん
弾けないギターを片手に。	ササノマリイ
愛ト茄子ト平和ナ果実	saiB
故にユーエンミ―	4o
暁月夜 -アカツキヅクヨ-	HoneyWorks
未来の歌	malo
楽園	春野
歌の棲む家～メゾン初音～	Mitchie M OSTER project
異国人形館殺人事件	てにをは
破壊	巡巡
箱庭のコラル	koyori(電ポルP)
縫口	栗山夕璃
被害妄想携帯女子(笑)	Giga
覚悟せよ！エンタンメ～ン	マキシウキョウ
運命	はるまきごはん 煮ル果実
配信壇場ストラグル	さなゑちゃん
鶴丸センセーション	あー民P すずきP
アイノ	とあ
アフェクテッド・ガール	*Luna
アンチサイクロン	稲葉曇
アンテナ	ピノキオピー
アンプランド・アポトーシス	柊マグネタイト
イアイア★ナイトオブデザイア	samfree
イカサマジュリエット	ねじ式
ウミガメのなみだはしおらしい	鯡苦心
エメラルドシティ	TOKOTOKO(西沢さんP)
エライエライエライ！	キノシタ
エンパス144	ゆうゆ
エンプレス=ディスコ	nyanyannya
キャットアイメイク	奏音69
クイーンオブハート	奏音69
グリーンストレート	ライブP
ゴールテープルーパー	ろくろ
サカナ暮らし	石風呂
シテ	ユリイ・カノン
セツナアライブ	あんP
ダリアダリア	ねじ式
テトロドトキサイザ2号	Giga
トゥルリラ・タリラ・トゥルラ	Giga
ナキムシピッポ	sasakure.UK
バーバヤーガ	煮ル果実
バラバラココロ	かいりきベア
パンこげこげになっちゃった	picdo
ヒビカセ	Giga れをる
ピコピコ☆レジェンドオブザナイト	samfree
フラッシュバックサウンド	クワガタP
ブレス	ATOLS
プラシーボ	栗山夕璃
ヘブンズバグ	いよわ
マイガール	たま
ムーン	たま
メアの教育	清水コウ
ライハーズノット	末代雨季。
ラストペインター	ねじ式
レディーレ	バルーン
ワンダホー・ニッポン！	かごめP
/ / // / /	x0o0x_
52 Blue	kilonewton
_theBlue	フカクボリョウ
BEAUTIFUL DREAMER	ナタP
cLick cRack	Giga
Counter-Attacker	すこやか大聖堂
Crazy ∞ nighT	ひとしずく
dogdog	虻瀬犬
EASYGOING RIDER	ヤブイヌ
Fate of Soul～ピリオドの向こうの闇～	samfree
follow	清水コウ
Gears of Love	Giga レタスP
GLEAM NEON	栗山夕璃
GOGO摩天楼	higma
Good School Girl	みきとP
KARMA	CircusP
Makes You a Fighter	梅とら
Mikunologie	X-Plorez
MOTTO!!!	Junky
P	ATOLS
Pinocchio	Noz.
POLYBIUS	ど～ぱみん
Prism Heart	samfree
Re:present	CielP
Rinascita～始まりの謳～	仕事してP
Tears River	みきとP
Tell Me	*Luna
THE WORLD END UMBRELLA	ハチ
Twilight ∞ nighT	ひとしずく
w/o U	r-906
Waltz Of Anomalies	ナノウ
Where shall we go?	めろくる
□舟	はこ
あいからかいあ	MARUDARUMA
お断りします	さつき が てんこもり
この特別な音色が素晴らしい	キノシタ
ごめんね ごめんね	きくお
さよならテンダー	koyori(電ポルP)
さんきゅ	とあ
ずんだもんとボイロちゃんがぴこぴこ言うだけ	わかばマークおじさん
ぜんまい仕掛けの子守唄	悪ノP
そこに在る、光。	DECO*27 すりぃ
なんにもない	薄塩指数
ねこ	Rin
また同じ夢を見てる	TOKOTOKO(西沢さんP)
まほろば少年譚	ユリイ・カノン
もっと　伸びろ　ぼくの　動画	koushirou（卑屈P）
わたしは禁忌	いよわ
ん～いい！最高！パーフェクトなメス豚！	SLAVE.V-V-R
㍆㌋㌉㌏㌉㌸㌾㌋㌞㌹㌅	デッドボールP
一龠	d.j.ァネイロ
世界のはじまり	whoo
人間だった	ピコン
余花にみとれて	keeno
侵略	samfree
動物のすべて	ピノキオピー
十年越しのラストピース	kemu まらしぃ
反芻の印象	ふる
君はできない子	きくお
告白予行練習 -another story-	HoneyWorks
囃子唄	ヤミナベレコーズ
地球をあげる	はるまきごはん
変梃の市～へんてこのまち～	HaTa
夏と廊下と花畑	マチゲリータ
夏空ノスタルジー	雪乃イト
天鼠ディストレス	レフティーモンスター
宴の皿	oQ
師匠なフタリ	ワンダフル★オポチュニティ！
平和の鐘	リアルアキバボーイズ
幽霊少女	くじら
幾何学	OLDUCT
弧ギツネの乱	まらしぃ
忘却日記	清水コウ
怠惰な微熱	香椎モイミ
恋色コミック	40mP
救いたかったのは	Δ
文学少女インセイン	カラスヤサボウ
昨非今是のイノセンス	いよわ
未完のストーリー	加賀(ネギシャワーP)
東京は夜	平田義久
無題 ep.01	袖野あらわ
煩悩～百八ツじゃ足んない～	カルロス袴田(サイゼP)
環ル	鼻そうめんP
生命線	テンツク
素敵な終末	吐息.
素直じゃなくてごめんなさい。	青谷
紫陽花の夜	ねじ式
茅蜩モラトリアム	TOTAL OBJECTION
虹色サイダー	テヅカ
赤い実はじけた	samfree
身体は正直だって言ってんの	式浦躁吾
造花の距離感	mao sasagawa
遊閑地	バルーン
重音テトのフェルタゴ～ン	マキシウキョウ
電脳学級会で会いましょう	いよわ
青を焚べて	keeno
馬と鹿に謝って	Δ
龍ノ啼ク箱庭拠リ	弱音P
アッシュなミルクティー	ねじ式
アイ	ATOLS
アイ	DECO*27
アクシデントコーディネイター	MI8k
アセロラ	TOKOTOKO(西沢さんP)
アディクテッド・セオリー	*Luna
アポストロフィー	*Luna
アマツキツネ	まらしぃ
アランダーノ	煮ル果実
アルカリ成人	4o
イッシュのポケモン　言えるのか！	hapi⇒ MazoP じたばたP 生㌔P 大丈夫P 鬱P
イーマイナー	いよわ
ウナの惑星	子牛
カトレア	ゆずひこ
カラフル	柊マグネタイト
カレラ	Sohbana
キャンディアディクトフルコォス	マチゲリータ
キミボシ	40mP
クエスト	れるりり
サイケデリックによろしく	ど～ぱみん
サイバーかわいくないガール	やながみゆき
サンドスクレイパー -砂漠の特急線-	右近
シャリューゲ	*Luna
シークレットひみつ	ピノキオピー
シークレットメタファー	ANDRIVEBOiz
シンガソン	れるりり
スカイデアンナイト	こがねむし
スキャットオノマトペ	あめのむらくもP
スパークル・ピーチ	めろくる
ディスコ	たま
ディスバリズム	DARAKU
デジタルロスト	ハノア
デタラメダンス	ちいたな
デペイズマン	Misumi
トウキョウト・ロック・シティ	えこ。 はいのことん
トラゴイディア	wotaku
ナイトの正夢	清水コウ
ニコニコ動画死ね！	たまお
ヌケガライド	ねじ式
ネコネコ☆スーパーフィーバーナイト	samfree
ハナウタ日和 ～掃除、洗濯、家事、ワタシ～	40mP
ハルニ	煮ル果実
パーフェクション	柊マグネタイト
ヒトリユラリ	Kanaria
ビーストインザビューティ	奏音69
ビーストダンス	和田たけあき
ファニー・インシピッド・キャンディ・ベンダー	煮ル果実
フランケンX	はるまきごはん 煮ル果実
フリーはフリーダム	円盤P
プラスチック	とんぼ
プラスティック・レイディ	rukaku
プリティパンティ☆悪マリン	ゆにめもP
ヘイヴン	煮ル果実
ヘイズアダー	絶海
ヘルシーな生活	TOKOTOKO(西沢さんP)
ベンゼン	オワタP
ボーダーランズ！	マチゲリータ
ボクらの最終定理	ワンダフル★オポチュニティ！
ポテトがSしか売ってない	シカクドット
マジカル☆リンちゃんなう！SSs	オワタP
マンチキン	藤原ハガネ
ミキミキ★ロマンティックナイト	samfree
ムラサキの空	Elm
モノクロスロード	アリエP
ヤリたいの。	ぼいじゃあ
ヤンキーとぼく ～人格形成ニ難アリ～	薄塩指数
ユーレイ	TOKOTOKO(西沢さんP)
ユクエシレズ	うみろ
ラ・ピュセル	シグナルP
ライア	ササノマリイ
レイニー	葵木ゴウ
レトルトアイロニー	スズム
ロヒプノール	楽園市街
ロンリーガール	夕焼けP
0	cosMo@暴走P
13's MeMory	saiB
2	ジミーサムP
4月44日	清水コウ
=+REVERSE	niki
=+♂	Giga
@	OSTER project
A	はるふり
A rainy dancer	r-906
AKUMA！	いよわ
ALiVE	八王子P
ANIMAる	Giga 梅とら
BLURRY	164
BRIGHT RAiN	ラヴリーP
Canvas	ゆよゆっぺ
CHU！して！	nosuke シグナルP
Closed Blue	40mP
CRAZY	たろう16bit
Crystalline	むつき醒
Devil's Way	ぽりふぉ
dialogue	ハヤシケイ
Don't Stop Dreaming	MASAOMI
Escape	ジミーサムP
EveR ∞ LastinG ∞ NighT	ひとしずく
Faded Love	Yasuha.
Fairy-taled	yuukiss
Galaxy Night	SPACELECTRO
Gene Link	磊撃
graduation	otetsu
H2O	kiki
Hanabi	*Luna
Hoi	みきとP
I Wanna Be	Yasuha.
I ♥	Junky
Invisible Tears	tysP
LAST SNOW～氷空～	クンカクンカP
Let's Dance Now !	ストリークP
Liberty	ど～ぱみん
LIVEDRIVE	じん
machine muzik	鼎沙耶
Marie-Luise	seleP
Missing	samfree
music	ぽりふぉ
New Worlds God	samfree
POP ENTRANCE	いるかアイス
Primary Star	RENO
Pygmalion	ウタP
R.O.C.K.E.T	Torero
Seeker	No.D
SET FREE	流星P
SeventH-HeaveN	sasakure.UK
Sheepret!	TOKOTOKO(西沢さんP)
Soleil	てぃあら
sound,word,heart,world	KulfiQ
spray	有機酸
SToRY	DECO*27 kemu
Story of Hope	ゆよゆっぺ
Synchronicity～第三章 巡る世界のレクイエム～	ひとしずく やま△
Synchronicity～第二章　光と影の楽園～	ひとしずく
Tears	てぃあら
To U	MIMI
Twinkle Days	19's Sound Factory
WASSHOI～俺達の考える最強の祭ソング～	八王子P
Whatever Race	PIPPO
You and beautiful world	koma'n ゆよゆっぺ
Youthful Finder	koyori(電ポルP)
ZOO	煮ル果実
ありがとう	傘村トータ
いたいあたしあしたあいたい	竹輪P
いろはうた	銀サク
おこちゃま戦争	Giga れをる
おれの闘病日記	大丈夫P
かこめかこめ	Kamiyanagi
かるみあどーるず	とりぴよ
がらくたの僕に	ハヤブサ
こわいものがみたい	シャノン
さよならワンウェイハート	daniwell
しねばいいのに	dBu
しゃーしん・ふらい	ナツノユウ
すき…	カルロス袴田(サイゼP)
すげえアプリ開発中	ワンダフル★オポチュニティ！
すなくじらにさよなら	nori
ず　ん　だ　も　ん　は　男　の　娘　で　す	ぬぬぬぬぬぬぬぬぬぬぬぬぬぬぬぬ
そんな気持ちぐらいは誰にでもあるって言われてもみんなニコニコニコニコ生きてるんだから信じらんねえよ	薄塩指数
たこルカ★マグロフィーバー	samfree
だらしないまんまいきていて	ねじ式
ちゃうだー！	ど～ぱみん
つまんなくなってしまった	真島ゆろ
どんぶらこ	40mP
ばぁーか♡	J・ミラ
ひとひらの	のりぴー
ひとりがち	ろくろ
ひねくれネジと雨	ササノマリイ
ひのはな	コカンコキーヌP
ぴんこすてぃっくLuv	Giga れをる
ふたりで。	ササノマリイ
へたくそユートピア政策	スズム
ほんの少しのさよなら	koyori(電ポルP)
みつば	KulfiQ
ようやく君が死んだんだ。	無色透名祭参加曲
よろろ	◈*ゆくえわっと
一人きりロックショー	n-buna
上人**阿闍梨謁見風説戯画仮名問答	無色透名祭参加曲
世界で一番近くに居るのに	samfree
世界を愛する瞬間に	koyori(電ポルP)
乳首を蚊に刺された	木村わいP
五番目の季節	Sceno Ichiro
人の命は平等じゃない	デッドボールP
僕の名は彗星	遼遼
僕は初音ミクとキスをした	みきとP
僕らはみんな意味不明	ピノキオピー
六感娘と諸藩再建策	hanzo
初音ミクが円周率10,000桁覚えたようです。	daniwell
化生戯画	てにをは
双六少女	ねじ式
命ひとつしかないもんで	◈*ゆくえわっと
唱明者	すこやか大聖堂
嘘ついてるの	hara
嘘つきウサギと銀の檻	ナカジマ
嘘つきピーターパン	スズム
嘶く	TOKOTOKO(西沢さんP)
国道40号ばばばばばばえおうぃおい～べべべべべべべべべえべえええべえべべべえ	オワタP
地団駄ビート	まらしぃ
夏に去りし君を想フ	baker
夏掛けの群青	ちいたな
夏空と包帯	清水コウ
夕凪プラットフォーム	KulfiQ
夢の続き	Dixie Flatline
夢色フェスティバル	キノシタ
大切なコトバ	ゆにめもP
失落ペトリ	ナナホシ管弦楽団
奶z0	宇田もずく
好きなら私と死んでください	なきそ
完全無欠のエレジー	YM
少年少女家出綺譚	しじま
平気？	薄塩指数
廃日	otetsu
律動厨リズムテスト	木村わいP
後の祭	栗山夕璃
徒花の涙	はりーP
思考アンロック	blues
怪盗Fの台本～消えたダイヤの謎～	ひとしずく
恋愛デコレート	あん
恋愛デコレート	あんP
愛して？ ～Love me do	Clean Tears
愛猫闊歩	koyori(電ポルP)
懲役三年生	ねじ式
扇歌コンシール	たかちゅう
才の雨に撃たれて	ねじ式
新訳 ねぇウィリアム	Omoi
昔のネット用語だけで曲作ってみました。	やなこ
星空に願いを込めて ～Good Night	tomoP
春のパズル	koyori(電ポルP)
晴々アンサー	*Luna
月翅	むつき醒
本日営業中	くちばしP
東京ジェノサイド	Virgin Noize
次咲く花の色は	タカノン
止まったまんま	瀬名航
氷菓	エニシサザナミ
泥中に咲く	はりーP
洗脳	Neru
流星	流星P
流星ハンター	40mP
独りの君と一人の僕に	スズム
猿芝居	Noz.
猿マネ椅子盗りゲーム	150P
琴葉姉妹のにゃーねこにゃー！	電ǂ鯨
生きるってなんだよ	葵木ゴウ
疑心暗鬼	梅とら
知らないアート	真島ゆろ
空疎世界の前奏曲	ちいたな
窮屈の哲学	ANDRIVEBOiz
篝火	ちいたな
花火空	KulfiQ
花鳥諷詠	おとよいスタジオ
蜘蛛糸モノポリー	ささくれP
蝿と梨	橘しとら
親愛なるあなたは火葬	虻瀬犬
言い訳	*Luna
誹謗熱中症	えいぷ
貴方様	三重の人
赤線モダニズム	ワンダフル★オポチュニティ！
過食性:アイドル症候群	szm
道草	Wato
違	Guiano
錯乱ぶる交差点	ねじ式
閃光花火	栗山夕璃
防衛本能	buzzG クワガタP
陽炎≒Variation	やいり
雨は実刑	Sohbana
雨を待つ。	葵木ゴウ
青へ向かう	シャノン
面白おかしく生きて申し訳ない。	青谷
風邪ひくなよ	石風呂
飛雷震	ゆうゆ
飴と鎖	otetsu
騎士道	囚人P
魔女と旋律の街	Fty
魔法少女ラジカルペイント	cosMo@暴走P
魚類による考古学	シャノン
龍の谷と太陽の砦	石風呂
「ヤリたいの。」	ぼいじゃあ
アスパラガス	606
アダルトファイア	iNat
アトモスフィア	はるまきごはん
アナザードリーマー	*Luna
アナロ熊のうた	koushirou（卑屈P）
アフター・ザ・ツァイス	ikomai
アブソリュート・フェイク	にほ
アライン	5u5h1
アンキ厨はアンキ中 ～To the next ERA！～	みきとP
アンチテーゼ貴様-改-	syudou
アンビバレンス	すりぃ
インテグラル	*Luna
インヒューマン	エイハブ
ウサギノキモチ	cosMo@暴走P
ヴァイオレット・チル	Glue
オーバーレイ・ワールド	雪乃イト
ガラスハナビ	ねじ式
キュウビ御霊会ミステリヰ～起承～	てにをは
キミとボクのはんぶんこ	koyori(電ポルP)
キミにしか描けない世界	どんの音楽工房
ギガンティックO.T.N	Giga れをる
ギターロックと星の歌	にっくきゆう
ギルティダンスは眠らない	しーくん
クソゲー実況プレイ	おにゅうP
ゲッカビジン	ねじ式
コイビトモダチ	ねじ式
ココロクバリ	絶海
コトノハクエスト	がりゔぁー
コラム	袖野あらわ
サイゼのない町	ねこむら
サイノウサンプラー	koyori(電ポルP)
サカサマノカサカラ	ウルエ
サクラ舞ガール	あんP
サクラソウ	梅とら
シャーデンフロイデ	ど～ぱみん
シガツビョウ	絶海
シノノメ	まらしぃ
ジュエル	monaca:factory
スカーレットハート	ぺむ
スコール	春野
ステラ	Dixie Flatline
ストリートライト	加賀(ネギシャワーP)
スパークガールシンドローム	日向電工
セツナサイクル	ユイナミ
センチメンタルキネマ	ユリイ・カノン
セントライト	はりーP
ゼロ	カンザキイオリ
ソイネ	164
ソラトバズ	トラボルタ
ダァカァハロウィンヤムヤミギリア	マチゲリータ
ツキノワグマ	buzzG
テルミーヘルプミー	雪乃イト
トーチカ	sasakure.UK
ドクトリーヌ	煮ル果実
ネガ	YM
ネバーエンディング・シンフォニー ～交響曲2624～	キュー
ノンデ・パナシーア	koyori(電ポルP)
ハイドアンドシーク	19's Sound Factory
ハイドランジア	梅とら
ハズレメイト	しじま
ハロウィンナイトパーリー	n.k
ハンドメイドミライ	TOKOTOKO(西沢さんP)
バベルサーカス	Diarays
ヒトヒトシイ	絶海
ピニャコラーダ	ねじ式
フューチャー・イヴ	ささくれP
フラフープハレーション	Twinfield
フルチカゾン	kiichi
プリティふんどし☆悪マレン	ゆにめもP
プリマドンナ	ケダルイ
ヘイムダルの角笛	KulfiQ
ペヤングだばあ	ざにお
ホーリーフラッグ	HoneyWorks
ボードゲームライフ	buzzG ねじ式
ポケットサイズ・ドラマチカリ	TOKOTOKO(西沢さんP)
ポジティ部vsネガティ部	ワンダフル★オポチュニティ！
マスターキー	ねじ式
ミュンヒハウゼン	TOKOTOKO(西沢さんP)
ミッドナイト・プール	cat nap
ミクとピアノとファンタジィ	cosMo@暴走P
ムーンガイズ	煮ル果実
メメント	あめのむらくもP
メランコリー	19's Sound Factory
メロウバースデー・イヴ	ユジー
メンデーナ	しじま
モノクロメモリーズ	あんP
ユーフォノスクオリア	◈*ゆくえわっと
ユラルラル	かいね
ラストメティオ	すこやか大聖堂
ランウェイのファンタジスタ	TOKOTOKO(西沢さんP)
リスト	アサイウミ
ルナ	monaca:factory
ルルブ	藤原ハガネ
レンズ	otetsu
ロック屋さんのぐだぐだ毎日	石風呂
＋♂	Giga れをる
------	x0o0x_
-ize	r-906
..	全てあなたの所為です。
0産工場	綿ならし
10%Luv.	koma'n
100万回愛してるって言って	sakkyoku645
13	とあ
14	ナタP
1BitHeart	テヅカ
22世紀の僕らは	はるまきごはん
2丁目ブルース～あんたあたいの何なのさ…～	マチゲリータ
3年C組14番窪薗チヨ子の入閣	椎名もた
66	YM
732日	malo
8月32日	Diarays
8月32日	清水コウ
9'ON	ぴろぱる
9andA	ねじ式
=+♂	Giga れをる
=+♂︎	Giga
=Destiny=	禿親父（ド）M
？	SLAVE.V-V-R
A.D.P	Twinfield
after reslution	yashiroP
Ailas	けんまP
Alternative Reality	Yasuha.
anokumene	nosono
Arrow of Love	とくP
atman	案山子
B C	niki
Badbye	こまん
BeDash	ファミロックP
Biohazard	Crusher
black out	おとよいスタジオ
BLAZE	sforza_t ロボヒコ
BLOOD SHELL	ストライク幼女フリーダム
BU-LA-LA	ぴろぱる
Bubble×Kidz!	Twinfield
BUILD AND SCRAP	あいあんくおりてぃ
Bye-Bye	samfree
Bye-Bye Lover	samfree
cancellare	ざんぎ
Choose Me	ヒャダイン
Christmas Morge	ハチ
Cigarette	カネコユウキ
cLick cRack	Giga れをる
Cocoa	ピノキオピー
Confetti	TOKOTOKO(西沢さんP)
Copyright	ねじ式
Crystal	shu-t
D	梅とら
Dear Moon	レフティーモンスター
DESTINY	あやりす
Dive'N'Arrive	磯P
Double Me	斜め上P
Double Me ～私が二人いたら～	斜め上P
Dr.リアリスト	cosMo@暴走P
DREAM PLACE	EasyPop
Drリアリスト	cosMo@暴走P
ECHO	CircusP Crusher
Eclair～消えた貴女のための鎮魂歌～	マチゲリータ
emd tree	164
eMOtiON	ねや
Empress	てにをは
Endless Dream	forute
Esmeralda	むつき醒
FACE	niki
fanfan	イママ
FIRST	niki
Flowering	malo
Fluffy Blue Comet	いるかアイス
FRAME OUT	Silent Symphonia ダルビッシュP
FREYJA .sys～システム・フレイヤ～	kaoling
Futere	ジミーサムP
ggrks-ググれカス-	hakusai
GHOST	jon-YAKITORY
giga戯画witch	黒沢まどか
gimme	whoo
Girls	EasyPop
Guilty Verse	OzaShin
Happy Birthday to You（for 巡音ルカ）	zasikiP
HAPPY SUNDAY	samfree
Heart	niki
Heart Shooter	味噌汁P
Helium	keisei
HOPE	40mP DECO*27
I sing for you	ぬるお
Ib	清水コウ
ice	whoo
Ignition	Dixie
Ignition	Dixie Flatline
iki	Noz.
Immorality	香椎モイミ
ImmortalClub	Peg
iMPErIAL PaRaDE	Tom
INTERMISSION	yanagi
INTIMACY	whoo
Invisible Tears	tys
Joker Boy	アオワイファイ
JUMPIN’ OVER！	r-906
keli	◈*ゆくえわっと
kyrie elesion	オカメP
Let Me Know	ハマダコウキ
Let-ters	Heavenz
Liberate～赤い海の夜明け～	Tatsh
Lie	CircusP
Life	たまぁ～ず
Life Off!	フェイP
Lilly☆Nation	ゆよゆっぺ
Lingering Fireworks	Orangestar
Love Redrum	ストライク幼女フリーダム
LUVORATORRRRRY!	Giga KIRA
lvy	redo
M.C.TOKYO	白風珈琲
Marble Bright	Tom
Marry Me	picco
Masked bitcH	Giga q*Left
Masked bitcH	Giga おとまる
MERMAID	じん
MIKU'S BOUNCE	BIGHEAD SOF.l1d
moon	たま
morning shift	note@L-tone
Naming you	知.
NARAZUMONO	ワンダフル★オポチュニティ！
NO STARS	164
OVER	low
OVERIRDE	ナナホシ管弦楽団
OZ	ピノキオピー
palette wolrd breakdown	隣人P
Parasite	Bonbero r-906
Parasite	r-906
pianissim	まらしぃ
Prima Vista	ど～ぱみん
PS5が当たらない	にっくきゆう
Q	和田たけあき
Queen Nereid	むつき醒
RABBIT	monaca:factory
Rainy	たてごと♪（カラダに優しいP）
Re-Fraction	ぺぺろんP
Re;2	seleP
Rebbot	ジミーサムP
Repechage	ハヤシケイ
Retrofuture	ど～ぱみん
Ribbon	湊いつき
RISING SUN	hano
Rousalka	SeikoP
Showered	ざにお
siGrE	すずきP
Specification	蝶々P
SPELL OF RAINY WEATHER	栗山夕璃
START	レフティーモンスター
STAY WITH YOU	BIGHEAD ROBO
straggling	Kosuke Nitta
SUPER DAYS	梅とら
SUPER11	のぼる↑
SWAG	ど～ぱみん
Sweet Sweet Cendrillion Drug	uzP
Synchronicity～第二章　光と影の楽園～	ひとしずく やま△
TABOO	シグナルP
Telephone	めろくる
theory	164
Think the Future	Emt Taishi
TIME	Specelectro
TODAY THE FUTURE	はりーP
transient dream	otetsu
twitter	ダル
ULTRA C	Giga
ULTRA C	Giga TeddyLoid れをる
Vocaloid Become Human	やながみゆき
VOCALOIDと区別される音楽の解釈。	Haniwa
Voice	19's Sound Factory
VOICE	NEN
voice	葵木ゴウ
WEBデザイン	yuzen
Wet bluemoon	ストライク幼女フリーダム
What a ずんだふる☆わ～るど♪	§ミルラ
Whereabouts of curry	FB777
whiteout	八王子P
WOLF	cat nap
Wander Girl	鼻そうめんP
World’s End Celebrate	デスおはぎ
YAMI CROW	みきとP
YOMI	煮ル果実
~~~~~~	x0o0x_
—ラストチャンス—	hotcàke
▫︎舟	はこ
❀ヰタ・セクスアリス	orange
あぐれっしぶしんでれら	ストライク幼女フリーダム
あけましておめでとう!	猫虫
あなたの聲になれたなら	遼遼
あなたは羽ばたかなきゃならなかった	ぬためた
あの夏に嗄れる	遼遼
あまい	メル
あやしい業者じゃありません	Wonderful★Opportunity!
ありったけのしゅちをあなたに	キノシタ
うそつきでもすき	KNOTS
うちゅうだいばくはつ	daniwell
うちょうてん	ど～ぱみん
うらやみしい	Kai
うわさがたり	◈*ゆくえわっと
えもラブ	samfree
おてんば姫の歌♪	トラボルタ
おもひでしゃばだば	ピノキオピー
お断りします！	さつき が てんこもり
かめりあ	ヒアソビ
からっぽへ	Δ
からっぽへ	無色透名祭Ⅱ参加曲
きっとこの命に意味はなかった	こんにちは谷田さん
きらわないで	SEVENTHLINKS
くそったれ讃歌	ちいたな
くらやみ世界の幽霊	sea-no
くりたしげたか	無色透名祭参加曲
ごめんなさいを言えるかな	マチゲリータ
さよならtrabeler	nexus
さよなら優等生	ちいたな
しね	園長P
しねばいいのに	どぶウサギ 愉快なヴォーパルバニーズ
しゅうまつがやってくる！	ささくれP
しんでしまうとはなさけない！	Wonderful★Opportunity!
そこに在る、光。	DECO*27
そこに在る、光。	すりぃ
それでも生きてみた。	五十嵐ハル
それはつまり	瀬名航
ただいま	Rin
ついになって	EO
てれびぞんび	梨本うい
とある娼婦の恋	デッドボールP
どうしてこうなった	うどんゲルゲ
なでなで	はみ
なんということでしょう	Shibayan
にっこり^^調査隊のテーマ	Wonderful★Opportunity!
ねぇ聞いてよレモネード	hanzo
のぼり棒	乱数P
は☆あ☆と☆にキスしてっ	よったん
はじめましてさん	無色透名祭参加曲
はたらけニート	オワタP
はなぐすり	koyori(電ポルP)
ばぁーか♡	無色透名祭参加曲
ぱそこんの前で。	kinzou
ひらり、ひらり	たまぁ～ず
ぺろぺろ	えへへP
ぼうけんのしょがきえました！	じーざすP
ゆめのかたち	ふわりP
ゆめみることり	はややP
ようやく君が死んだんだ。	こわどり
よるがくればまた	和田たけあき
わがまま	40mP
一富士ニ鷹三茄子	かにみそP
七草夢物語	buzzG ねじ式
三つ葉のクローバー	DECO*27
不可欠	Kish.
世界で一番近くにいるのに	samfree
世界最後の飛行士	Yono
予定調和に沈む	黒田亜津
人生はコメディ	カンザキイオリ
人畜無害	さつき が てんこもり
人間未満	吐息.
代打ミク	ストリークP
伝承戦争	あやりす
低体温少年	ばぶちゃん
低音厨音域テスト	木村わいP
何とか鉄道の夕	海茶
俯いた花	kal
偽善正義	Maki
僕らの夏はまた巡って	*Luna
僕らまだそんなんじゃないでしょ	あたたかい水族館
先生のこと好きになっちゃう	式浦躁吾
光源～！！	眠田峰
全部、夏のせいにしていいですか？	八河のなめ
再生	青屋夏生
再生	鬱P
再生しないで	無色透名祭参加曲
冥冥白白	araku
凶器は「愛」でした	ReNP
初めて買った安いＰＣを今日俺は売った	卓球少年
初音ミクの消失-DEAD END-	cosMo@暴走P
初音ミクの終焉	cosMo@暴走P
初音ミクの終焉 -Worst END-	cosMo@暴走P
前向きに笑え	あんP
劣勢学	イナナキ
助平コミックス	石風呂
北鴉山電波ガール	和田たけあき
十六夜夢想	koushirou（卑屈P）
半透過	無色透名祭Ⅱ参加曲
半透過	無色透名祭参加曲
叫鳴クロニクル	雪乃イト
右NOU左NOU	ワンダフル★オポチュニティ！
叶えよラッタッタ！	あんP
合鍵ガンマンと合鍵忍者	hano
同族嫌悪	Becky.
名称未設定.txt	ササノマリイ
君がそばにいるように	じょん
君の抜け殻と羅針盤	ちいたな
君は大嫌いな8月に、涕のように落ちてゆく	しじま
君は愚かで愛しいアリス	しとお
君を捜す空	ひとしずく やま△
吸血鬼	カンザキイオリ
呼吸	ちーむ炙りトロ丼
哀傷歌コンテキスト	ササノマリイ
喪失モノクローム	otetsu
嘘つき魔女と灰色の虹	たかそう
嘘とタイムマシン	アヒル軍曹P
嘘吐きの世界	すこっぷ
囮	てにをは
図書室A	赤坂んんん
堕天クラブ	LITCHI
塵塵呪詛	きくお
墓参り	たまぁ～ず
墜ちた烏、今飛び立つ	レタスP
変容	Yamaji
夏が吹く。	Nelumbo
夏が吹く。	無色透名祭参加曲
夏空と蜃気楼	ちいたな
夜想モンスター	TOKOTOKO(西沢さんP)
夜拙ディセイブ	じん
夢よ未来へ	翠榎
夢町コントラスト	koyori(電ポルP)
夢続きドロップス	koyori(電ポルP)
夢カラス影	kous
大切な君へ贈る歌	トラボルタ
大惨事ぼっち戦争	ねじ式
天使	TAMA
天使	たま
太陽の絆	natsuP
太陽様	虻瀬犬
失敗作	雨沢レイ
妄想疾患■ガール	もじゃ
妄想疾患■ガール	れるりり
妄想進化論	koyori(電ポルP)
妖	無色透名祭参加曲
婚祭	虻瀬犬
家に帰ると妻が必ず死んだふりをしています。	家の裏でマンボウが死んでるP
小説　夏と罰 (下)	傘村トータ
少女失格	なきそ
少女如来の許し方	LITCHI
少女如来の許し方	Yamaji
少女溶解	砂粒
少年ノアとΦの邂逅	cosMo@暴走P
巡る世界のレクイエム	ひとしずく やま△
帰りたい	みや丸
幸せ者	ゲスト
幻の地アナカナティ	あち
幻想歌	フェイP
幼年期	ねじ式
幽霊と果実(to i)	Itaby
幾千年ラヴソング	koyori(電ポルP)
弱者	john
強烈な色	ライブP
彼の彼女	もじゃ れるりり
彼の彼女	れるりり
心とかいう名前の未発見の臓器の機能についての考察	adstlaxy
心音賛歌	r-906
忘却日記	コウ
忘却リテラシー	あんP
思春期少年少女	砂粒
怪盗窪園チヨコは絶対ミスらない	椎名もた
恋せよラッタッタ！	あんP
恋におぼれて	天月-あまつき-
恋吹雪の空に	ねじ式
悩めるAの事情	有機酸
悲しみたいのだろうか	saikawa
想い出	瀬名航
愛してはいけない	清水コウ
愛のない人	落合一十
愛の兵器	otetsu
愛の容器	みきとP
愛の砂時計	せきこみごはん
感情は成仏しない	IQYU
感謝ディシーブ	ろーある
懐中銀河	yukkedoluce
我が儘讃歌	◈*ゆくえわっと
手のひらワンダーランド	ササノマリイ
拝啓、僕の声は届いていますか	n.k
探偵むしめか゛ね ～ さらば怪人256面相	ぶっちぎりP
描いてゆこう	けーえぬP
携帯恋話	まふまふ
摩天楼	煮ル果実
散財讃歌	Adeliae
散財賛歌	Adeliae
数学そうはならんやろの歌	マアスティ
新世	巡巡
新世界	cosMo@暴走P
新・山ノ手メリーゴーランド（N428系）	n.k
日常茶飯事	シメサバツイスターズ
星空に願いを込めて ～Good Night	とも
星空に願いを込めて ～Good Night	とも(tomo)
星空ロープウェイ	銀河方面P
星詠みエンドラヴァー	亜沙
春の雫	ねじ式
春はバケモノ	なきそ
春花秋橙	KulfiQ
春風に殺される	Δ
時の歯車	蒼P
曖昧劣等感	*Luna
最後の嘘	木村ユタカ
月夜の乙女	natsuP
月花ノ姫歌	ちえP
有象無象も踊る夢	獅子志司
朦朧レイン	フヲルテ
本当の自分	アカサコフ
本当は演奏家たちとともに	imie ばらっげ
来世は他人がいい	Δ
某〇×△□より	saiB
桜日和とタイムマシン	まふまふ
桜舞う　今	samfree
権御天下	月隱夜色
欲求不満マーチ	KeN
正夢デエト	koyori(電ポルP)
死ぬまで生きていよう	薄塩指数
死ね	無色透名祭Ⅱ参加曲
死んではいけない	清水コウ
死神のギター	ぽてんしゃる0
残酷と純粋	ねじ式
水無月の通り雨	ゐろは苹果
水色と宇宙船	nexus
永遠	香椎モイミ
永遠に続く五線譜	デッドボールP
汚れたきれいな	mao sasagawa
法のアナル	無色透名祭参加曲
泥の中の花	オカメP
浮かれた大学生は死ね	石風呂
浮く書店	クロワッサンシカゴ
海底図書館	湊いつき
消えた夏の夢	*Luna
涙しかきこえない	SEDO Sounder
淑女ベリィの作り方。	マチゲリータ
深青	Epoch
滲む世界	ねじ式
濁るイノセント	picdo
灰に潜れ	ねじ式
灰被り	Sohbana
炎傷	Epoch
無名のクオリア	マロ
無常	Rio.T
無題	Guiano
狂えない僕らは	くじら
猫の街	Heart★breaker
猿マネ椅子取りゲーム	150P
現世ストライキ	SEVENTHLINKS
甘き死の柩	マチゲリータ
生きてます	No-H
生きてゆくのに心は	Δ
生活	皆川溺
生贄の羊	コン
甲斐甲斐しい言葉の闇に	4o
番傘	アリエP
疾風　－修正版－	のりぴー
病厄！です	てらいと
病名コイワズライ	HoneyWorks
白夏	Pkay of Color
真夏と少年の天ノ川戦争	Orangestar
真夏のレターレインボー	MOSAIC.TUNE nana ゐつ
瞬間劇的ニンゲン革命	Mizu
短夜	Noz.
硝子ノ華	マチゲリータ
祝ってやる	おにゅうP ピノキオピー
神に捧ぐ不機嫌の花束	玉木ちんたら
私のマスターど素人	たう(かちゅぜちゅぴー)
空（full ver.）	ウタP
空威張りビヘイビア	ワンダフル★オポチュニティ！
空音サイレンサ	ササノマリイ
窓の無い部屋	Task
笑門来福	ちいたな
筆おろし	デッドボールP
筋肉痛駆け落ちの滑稽な結末	家の裏でマンボウが死んでるP
篝火のように	芳田
糸電話	是松イサム
紅の花	わんだらP
紅十字	EM
紅色ボーダーライン	Heavenz
純愛の哲学	無色透名祭参加曲
素晴らしい世界	ピノキオピー
紺々恋慕	黒澤まどか
終わり行く世界と、最後の僕ら。	そうまP
終わカレはブロックで	みつあくま
終焉≠カタルシス	ろひ
終焉ノ栞	150P
絵に書いたおもち	____natural
絶対創造フューチャー	n.k
縁環の理的に私が一番だと言う歌です！	Cna 牛肉
縁環の理的に私が一番だと言う歌です！	志輝
縁環の理的に私が一番だと言う歌です！	東雲なとり
縁環の理的に私が一番だと言う歌です！	牛肉
聖夜撲滅超絶推奨団	ちゅうとろP(ピコ)
舌打ち	syudou
般若の面　-Mask of hannya-	koushirou（卑屈P）
花戦争	虻瀬犬
花燈 -hanaakari-	きさら
花瓶に触れた	須田景凪 バルーン
花色日和	なつめ千秋
菫青幻想曲~Fantasy of lolite~	natsuP
葵ちゃんはチョコミントアイスエイヤッ↑(/＞_＜)/	ゆめうつうつ
藍の反証	Δ
蚕の冠	ど～ぱみん
蜃気楼のジャンナ	串
螺旋迷宮～Spiral labyrinth～	黒うさP
街の残像	あばらや
表面張力	Rio.T
袖触れ合うも他生の縁	磯P
裸だったら何が悪い～sing go～	おにゅうP
覚醒しちゃいなよ	TOKOTOKO(西沢さんP)
言の葉の綾	ユリイ・カノン
誓燈のマルシェ	ワンダフル★オポチュニティ！
讓我為你唱	惟(ゆい)
貯水槽の亡霊	テヅカ
貴方へ、鎮魂歌を。	水平線P
軒先通り魔性	すこやか大聖堂
転生	ATOLS
迷走ラプソディ	ひとしずく
迷走ラプソディ	ひとしずく やま△
逃避的道化師	saiB
逆さまレインボー	sunzriver
逆さまレインボー	sunzriverP
逆罪行進曲～怪～	マチゲリータ
逢魔ヶドロップ	てにをは
週末おはなし倶楽部	OLDUCT
運命	はるまきごはん
道草トリップ	ねじ式
遥カ業ニ、過去カ未来ニ。	ばさん
避雷針	ゆうゆ
部屋に帰ると妻が必ず死んだふりをしています。	家の裏でマンボウが死んでるP
重力ファクトリー	A:me
釘バットギャングの日常～下北編～	石風呂
銀の少女 -  awaking mix -	150P
鏡の中のメモリーズ	亜沙
鏡音八八花合戦	にれぎる モジャP
鏡音レンの暴走（LONG VERSION）	cosMo@暴走P
長音厨肺活量テスト	木村わいP
閃光リザレクション	ぽてんしゃる0
間違いだらけのきみを見せて	koyori(電ポルP)
闇夜のダンス	ぽてんしゃる0
陶酔オーケストラ	きむた
隕石が落ちてきた	picdo
雨なめちゃダメ	瀬名航
雨のプリズム	くくどどP
雪晴れステップ	きさら
電気パレードの舞踏会	加賀(ネギシャワーP)
電脳学級会で会いましょう	いよわ(無色透名祭II)
青い解体新書	うみゃ
青春ハローワーク	囚人P
青空ライン	40mP
青色絵具	くじら
革命性:オウサマ伝染病	szm
音程厨ピッチテスト	木村わいP
頑張ろうよ	トラボルタ
顔だらけの本	ねじ式
馬鹿になろうぜ！	澄人
髄まで愛して	てにをは
鬼KYOKAN	Wonderful Opportunity
鬼KYOKAN	ワンダフル★オポチュニティ！
鬼を狩るもの	仕事してP
魔法電車とキライちゃん	石風呂
鶴丸センセーション	あー民P
麻 酔	サンカ
黄燐の炎	てとてと
黄燐の炎	悪ノP 情熱P
「　１　」	ラマーズP
「0」	cosMo@暴走P
アップステアズ	TOKOTOKO(西沢さんP)
アイスクリームマジック	雪乃イト
アイデア・L	にほ
アイルの偶発的事情	ⅥⅥ
アウト オブ エデン	鋼兵
アオザクラ	ねじ式
アクアリウム	喜兵衛 灯下はこ
アクター	エイハブ
アスノヒカリ	Nhato
アトランティスのフタリ	シグナルP
アベリアに代わる何かを	msy
アポロ	くにたにか
アメフリ団地	雨の介
アルカホリック・ランデヴー	くじら
アルカリ星人	4o
アンサイトリー	ちいたな
アンタイジアイディアル	ごめんなさいが言えなくて また切ない世界を生きる
アンダードッグマーチ	葵木ゴウ
アンティーク	wotaku
アンブレラ	アリエP
アンプラグド	かずくんP
イデアの少年	yukkedoluce
イドフロイデ	絶海
イナ	蝶々P
イミテーション	FLG4
イミテーション・メサイア	LITCHI
イワシがつちからはえてくるんだ	xx
インスピレーション	あさぬこ
インフルエンサーイズデッド	ワンダフル★オポチュニティ！
ウズメカグラ	twinkle ウタP
ウルウィズム	ふぁるすてぃ
エアコン直った	ミクとお茶を
エイプリル・スター	OSTER project
エゴノミー	読めない人
エスペランサ	ど～ぱみん
エピローグ	*Luna
エマージェンシー清水さん	KulfiQ
オーバーリピート	Relu
オリジナル	鶴三
オレンジに明日はない	遼遼
オンリー	◈*ゆくえわっと
カーテンコール	藤原ハガネ
カウントガール	無色透名祭参加曲
カキツバタオルケストラ	藍乃
カグヤの灯篭	清水コウ
カシオペア	5u5h1
カドワナルカ綺想	nyanyannya
カニ カニ カニ。	カワグチインゲン
カフェラッテ	ぼいど
カボチャヘッズミゼラブル	YM
カラクリアゲハ	ナカジマ
カワイイ！	OSTER project
ガール☆ミーツ☆ボーイ	daniwell
ガールズメイクライ	Sohbana
ガラクタ姫とアポストロフ	ささくれP
キュウビ御霊会ミステリヰ ～転結～	てにをは
キーウィー	ATOLS
キセキフラグ	メラゾーマP
キセツヲ	hugrerunn
キネティック偏愛倶楽部	ぽりふぉ
キマジメ少女のアカルイ未来計画	tilt-six
キミが手を握ってくれるのなら	成宮 亮
キミとボク、まわるセカイ。	iku
キミを失って (Part.Ⅰ)	Yasuha.
キミトセカイ	Paolino
キミノカケラ	ニシジマユーキ
キミノコエ	Nia
キミノセカイ	koyori(電ポルP)
キンギョヒメ	湊いつき
ギター少年はかくも躍る	YAB
クィンアント	すこやか大聖堂
クラウン	KulfiQ
クリエイション・ジャーニー	Heavenz
クルエルダンスナイト	SOUNDGALAXY
グッバイ人生	名無
グッバイトデー	ライブP
グラスモンド	ちいたな
グレート・エレキ・ファイヤー	左通(カーストP)
ケモノの唄	夜烏P
コールドハンド	ライブP
ココロライン	五十嵐ハル
コノハナサクヤ	nick-9
コンビニ	kokesi
コンビニよって帰ろうよ	石風呂
ゴッドオブマリー	まさ
ゴーストモーション	あめのむらくもP
ゴシック	OSTER project
サイドワインダー	ナナホシ管弦楽団
サイレント・マジョリティ	Heavenz
サカサマアストロノーツ	Rulmry.
サドンデス ビーナス	ねじ式
サヨナラ街道	雨の介
サヨナラザクラ	ハヤブサ
サヨナラテンダー	koyori(電ポルP)
サルベージ	シバションP
サン・パライーソへの道	吉田さん
サンセットラブスーサイド	マチゲリータ
シャットダウン	半人間
シャドウタッグ	ばっどがい
シュールマン	煮ル果実
シークレット・アイリス	加賀(ネギシャワーP)
シーサイドラプソディ	いるかアイス
シアター	Camelots
シンジュク・ジャック	虻瀬犬
シンダーシティの終わり方	末代雨季。
シンメトリー	Re:nG
ジャイアントキリング	遼遼
ジオワタ＼(＾0＾)／	オワタP
スぺクタルチューン	融合P
スウィイトポイズンファクトリィ	マチゲリータ
スサノヲ	Ash
スタディルーム	ノイ
ストラテリウム	ササノマリイ
ストレイデア	ちいたな
スプラッシュ	たま
スペクトラム	monaca:factory
スランプ	しばいぬ
セカイセイフク	かこつ
セツナサイクル	yuinami
センセーショナル	YM
ゼロで割る	Misumi
ソイネI	164
タウリン1000mg High Go!!	monaca:factory
ダーリンダーリン	めろくる
ダイアモンドラスト・ホッカイダ	また切ない世界を生きる
ダウナーボーイ	うみくん
ダストテイル	KulfiQ
ダチュラ	仮名
ダメダメガチ恋	roki
チャイナガール	ちいたな
チョコにとかして	タカノン
チープなプロパティ（ウソみたいなホントver）	フロクロ
チープなプロパティ（ホントみたいなウソver）	フロクロ
ディスコミュニケーション	喜兵衛
ディストピア・ジグネチャー	霧四面体
デッドガール	Virgin Noize
デッドレッドガールズ	MARUDARUMA
デジャヴ・ラブユー	しーくん
トゥイー・ボックスの人形劇場	ささくれP
トーキョー・ゲットー	Eve
トピアリー	バルーン
トラボティック・ワールド	トラボルタ
トロピカルサマー	シグナルP
トンデモワンダーズ	ささくれP
ドクヘビ	こん
ドミノ倒シ	doriko
ドラッグストア	椎名もた
ドライフラワー	しじま
ナイリ	遼遼
ナキムシピッポ	sasakure.UK UK
ネギを食べなさいっ！	うたたP
ネコミミアーカイブ	ryt
ネタが無いよ～	GYARI
ネムラネーゼ	otetsu
ノーブル・ローズ	ねじ式
ハッピーラッキーアンホリデーマンデー	いーらん(3㍑P)
ハッピイバースデイ・ブロットパーク	また切ない世界を生きる
ハイセンスナンセンス	園山モル
ハイドアユートピア	門角(整列P)
ハジマリノイロリターナー	nyanyannya
ハロー、メランコリィ	小宮かふぃー
ハローノストラ	CaptainMirai
ハローマイデイズ!	加賀(ネギシャワーP)
ハロウィン・マスカレイド	Kish.
ハロウィンサーカスショウ	QTbomber
ハロウィンパティスリトリカトルカ	マチゲリータ
ハロライン	たるとP
バァチャンの遺産目当て	りょう
バイビーベイビーサヨウナラ	buzzG
バイメーバイメ－	マイキP
バニラモカフラペチーノ	Takh
バファロン	rukaku
パーティージャンキー	satuki ga
パステルライナー☆	鮭P
パライソ・パライソ	ねじ式
パラサイト/ M.I.K.U.	生㌔P
パラドキシカル・パラダイム	Ebot
パラレリズム恋心	ナユタン星人
パンチラ見て元気出して！	aono
ピーターパン・シンドローム	buzzG
ピルグリム	しーくん
ファーレン	ピコン
ファイアダンス	DECO*27
ファイアダンス	DECO*27 Giga
ファントムペイン	奏音69
フィッシュアンドTips	ど～ぱみん
フィラウティア	ほいっぷ
フェイタルエゴ	青栗鼠
フォーク並びを徹底してほしい	kihirohito
フュージョン	DECO*27 tepe
ブーケガルニ	煮ル果実
ブルーヴェ	Chinozo
ブレイクアウト！	LOLI.COM タイツォン タケ ヨシキ
ブレイクアウト！	寺田まも
プリムラの食べ方	春野
プロジェクトインサイダア	日陰電工(nelo)
ヘイセイカタクリズム	じっぷす
ヘイターガール	うみくん
ヘパイストス	藤原ハガネ
ベビーデイズ	Chinozo
ペテン師ロック	きじねこ
ペテン師ロック	きじねこ ぐるーぶ
ホ・オポノポノ	めろくる
ホシノウタ	とくP
ホワイトスニーカー・ラブ	黒うさP
ボックスワンターバ～ン	マキシウキョウ
ボーカロイドたちが2コードくりかえすだけ	GYARI
ポッピンヒューマノイド	バーミーズ
ポートレート	バルーン
ポジティヴ・ハラスメント	和田たけあき
ポジティブパレード	DECO*27
ポジネガミステイカーズ	sasakure.UK
ポジポジ	吉屋りん
ポストずんだロックなのだ	無色透名祭参加曲
マジェンタ	清水コウ
マディ・マーマレード	煮ル果実
マホロバ	シン
マボロシミュレーション	ねじ式
マヨイガミステリヰ	てにをは
ミッドナイトに猫は笑う	Misumi
ミッドナイト・スイマー	55ymtk
ミッドナイトパレイド	すしな
ミクミクミクミクミ	キノシタ
ミザリィ	遼遼
ミラーリング	須田景凪 バルーン
ミルクティー	ただ
ムウ	煮ル果実
ムゲンノツバサ	ハヤブサ
メカクシンデレラ	ねじ式
メチル	椿。
メンティーラ	ど～ぱみん
モウマンタイと叫んだら	SEVENTHLINKS
モミアゲRock！	石黒千尋
ヤツメ穴	xxxx
ユーロスターに乗って	シロムーン
ユカユカ☆ルナティックナイト	赤兎かい
ユメガール	ちいたな
ユメネコ	ピノキオピー
ユラギ	niki
ラッパ吹きの少年	ぴろぱる
ラビリンス	四多トオリ
ラブリー	是
ラプンツェル	ナブナ
リーパー	さまぐら
リアライン	すしP
リスキーメイズ	あんP
リリィクラウン	ユイナミ
ルサンチマンと虚構の箱庭	ロリP
ルナー・リフレクション	Haut
レアリゼ	リケ
レイジー・クルーズ	cat nap
レインスノードロップ	Re:nG
レインボーダー	DECO*27
ロマンちっくブレイカー	HoneyWorks ピストンP
ワープアンドワープ	日向電工
ワールドエンド・ガールズライク	鹿乃
ワカンナイト☆フィーバ！？	キノシタ
ワンダーラスト	ささくれP
ワンダホー・ニッポン！	takamatt
ワンダホー・ニッポン！	takamatt かごめP