____natural	_natural	__natural	______natural	natural																																
¿?shimon	?shimon	¿shimon?	shimon	¿?																																
（*´∇｀*）ぽわっ	ぽわっ																																			
(∵)キョトンP	ニシジマユーキ	キョトンP	kyotn	ニシジマユーキ（キョトンP）																																
（бεб）P	(6ε6)P																																			
§ミルラ																																				
*Luna	Luna	Luna*																																		
*Natete.	*Natete																																			
&&P	双子の体育座りP																																			
#cpdz																																				
←P																																				
⊿yamhok																																				
⌘ハイノミ	ハイノミ⌘	ハイノミ																																		
■37	◾︎37																																			
■P	□P	■	◼︎P																																	
△○□×	△〇□×																																			
◈*ゆくえわっと	◈*	ゆくえわっと																																		
0108-音屋-																																				
100回嘔吐																																				
11歳幼女P																																				
150P																																				
164																																				
19's Sound Factory	19's Sonud Factory	19‘s Sound Factory	19's_Sound_Factory	197s Sound Factory	19-iku-	19 -iku-	iku	19’s Sound Factory	19's SoundFactory																											
21世紀P																																				
23.exe	23. exe																																			
3106。																																				
36g(風呂埋葬P)	風呂埋葬P	36g																																		
3910Project																																				
404nf																																				
40mP	40㍍P																																			
4ma15	12uck																																			
55ymtk																																				
5u5h1	5ush1P	すしP	5u5hiP	5u5h1P	5u5u1	すし	5u5hi																													
606																																				
A_II	A_Ⅱ	ゲスト	A Ⅱ																																	
A:me																																				
A4。	A4	A4。（無色透名祭II参加楽曲）																																		
acane_madder	acame_madder																																			
Adeliae																																				
Ado																																				
Adomiori																																				
adstlaxy	adstlacy																																			
AETA																																				
aiji hayama																																				
Aira																																				
alba																																				
Aliey:S	Alley:S																																			
ALT(蕾P)	ALT	蕾P																																		
Amu																																				
ANDRIVEBOiz	ANDLIVEBOiZ	ANDRIVEVOiz																																		
andromeca																																				
Anemone																																				
ANGL																																				
Another Infinity	Ryu☆																																			
AO																																				
aono																																				
apfel note																																				
APG																																				
appy																																				
Aqu3ra	あぷえら																																			
aquabug																																				
araku																																				
arata																																				
Ari																																				
Ariだい	アリダイ	Ariダイ																																		
artist																																				
ARuFa																																				
asaha																																				
Asaki No'9																																				
Aseri																																				
Ash	イントロP																																			
ATOLS																																				
Auauo																																				
AVTechNO!	AVTechNO	AVTeckNO!																																		
Ayase																																				
Azari																																				
azuma	鬼ヶ島																																			
baker																																				
banvox	Banbox	VANBOX																																		
BCNO																																				
beacons																																				
BeatSea	Beat Sea																																			
Becky.	Becky	BeckyPopSoundRes																																		
bibuko																																				
BIGHEAD																																				
blues																																				
Bonbero																																				
bookstores																																				
Broche																																				
Bumpyうるし																																				
bunkiman																																				
buzzG	buuzG																																			
C(しー)	C																																			
Ç¢Çª																																				
caco-2	かこつ	caco-2(かこつ）																																		
Camelots	駱駝法師																																			
canone																																				
Capchii																																				
CapsLack																																				
Caz	Caz.																																			
Cecilia																																				
Chinozo	Chinoco																																			
CHOUX																																				
CielP																																				
cillia	cillia ︎︎︎																																			
CircusP	Circus	Circus-P																																		
cisco																																				
citrus																																				
Clean Tears																																				
Cna																																				
coha																																				
cokesi	kokesi																																			
colate																																				
conti4x	コンチ																																			
cosMo@暴走P	cosMo(暴走P)	cosMo	暴走P																																	
Crusher	CRUSHER-P	CrusherP																																		
CULT P																																				
C君P																																				
d.j.ァネイロ	ァネイロ																																			
dama																																				
danierukunP																																				
daniwell	daniwellP																																			
DanP	Dan																																			
daraku	DARAKU																																			
DATEKEN																																				
DC																																				
DECO*27	DECO27																																			
Deme																																				
dezzy(一億円P)	一億円P	1億円P	dezzy																																	
DIVELA	DIVERA																																			
Dixie Flatline	Dixie Flotline	DixieFlatline	Dixie																																	
Dog tails	犬尾																																			
Dong																																				
doriko																																				
doromi																																				
Drop																																				
E.L.V.N	ユーキ(E.L.V.N)	ユーキ																																		
Early	無色透名祭Ⅱ(Early)																																			
EasyPop	Easy Pop	EasyPop/BETTI	EazyPop																																	
Ebot																																				
Eight																																				
EIKI`	EIKI																																			
Elm				Lv99	Lv.99																															
EM																																				
emon(Tes.)	emon	emon.																																		
Emt																																				
EN0N																																				
EO																																				
Eon																																				
ep0d	他P																																			
Epoch	エポック																																			
Eve																																				
EVERGREEN LELAND STUDIO	ELS																																			
EZFG																																				
fabricopops																																				
fatmanP																																				
fatP	弓束斗霧																																			
FAULHEIT	ORYO																																			
FB777	M.S.S.Project	M.S.SProject	FB777(M.S.S.Project)	MSSP(FB777)	M.S.S Project																															
Feryquitous																																				
FICUSEL	ゾンビP																																			
FILEIN																																				
FLEET	佐藤純一	fhana																																		
FLG4																																				
Folicca																																				
Fty																																				
Fujiyama																																				
Fushi																																				
gaburyu																																				
GESO																																				
Glue																																				
Goat																																				
Gohgo	幽世55番街																																			
gomez	gomezP																																			
granvia	ぐらんびあ																																			
grief art	佐倉憂	佐倉 優																																		
Guiano																																				
GYARI	GYARI(ココアシガレットP)	ココアシガレットP																																		
Gyr0																																				
GYU P																																				
halyosy	helyosy																																			
HAMO																																				
Haniwa	アメリカ民謡研究会																																			
hano																																				
hanzo																																				
hapi⇒																																				
hario																																				
HaTa																																				
Haut																																				
Heart★breaker	heart☆breaker																																			
Heavenz	Heavens	HeavenzP	ヘブヌP	ヘブンズP	ヘブンズ																															
higma																																				
Hitoka Hitomoku																																				
HiToNa																																				
HoneyWorks	Honey Works	HneyWorks	oneyWorks	ゴム（HoneyWorks)	shito/HoneyWorks	ゴム	s×c	使徒(HoneyWorks)	使徒	shito																										
HotaRu																																				
hugrerunn																																				
ichica																																				
ichiP																																				
ika																																				
ikomai																																				
imie																																				
imis!n																																				
IMO																																				
imosuke																																				
Inagi																																				
iNat																																				
Ingen	インゲンカワグチ	カワグチインゲン																																		
InspiLink																																				
iPPei																																				
IQYU																																				
iroha	iroha(sasaki)	凪水そう																																		
Islet																																				
Itaby																																				
ive																																				
J・ミラ	J・ミラ（無色透名祭参加楽曲）	無色透名祭参加楽曲(J・ミラ)	Ｊ・ミラ																																	
Jane Su																																				
JellyPanda																																				
john																																				
jon-YAKITORY	jon																																			
Junky																																				
k_zero+A																																				
kaanria																																				
Kai																																				
kaichi																																				
KAIRUI																																				
kal																																				
kamome sano	サノカモメ	沙野カモメ																																		
Kanaria																																				
kaoling																																				
KarcLy																																				
KAZKUN	かずくんP																																			
KAZU P	KazuP																																			
KAZU-k																																				
ke-ji																																				
keeno	kenno																																			
keisei																																				
kemu	堀江晶太	堀江晶太(kemu)	KEMU VOXX																																	
Kihira																																				
kihirohito	kihirohitoP																																			
kiichi	なんとかP																																			
Kijibato																																				
kilonewton																																				
Kintsugi																																				
kinzou																																				
KIRA																																				
Kish.	Kish																																			
kk2																																				
kohe																																				
Kohm	Kohm(コーム）																																			
koma'n	koma`n	こまん	koma’n	koman																																
kors k																																				
Kouhei	K's Sound Project	おっさんP																																		
kous																																				
koushirou（卑屈P）	卑屈P																																			
koyori(電ポルP)	koyori	電ポルP																																		
koyuki																																				
KTKT																																				
KulfiQ																																				
KURIS																																				
Kyiku	kyuku																																			
kyoki																																				
kz																																				
kznrP	kznr																																			
L75-3	七五三																																			
Last Note.	Last Note	LastNote.	Lasy Note.	Last.Note.																																
lazuli.	lazuli																																			
leal																																				
Leggysalad	kevin mitsunaga																																			
Lemm																																				
lightspop																																				
LilRAIN																																				
LIQ																																				
Lita																																				
LITCHI	Yamaji	やまじ																																		
littlebylittle	little by little																																			
llcheesell																																				
llliiillliiilll	バーコードP																																			
LOLI.COM	LOLI. COM																																			
LonePi																																				
LOVE&P																																				
luca																																				
lumo	（「・ω・）「 																																			
M.I.O																																				
m@rk	m @ rk																																			
ma10a																																				
Magens																																				
Mah																																				
mahito																																				
maigo																																				
Maki	Maki(偽善者P)	偽善者P																																		
malo	molo	mok																																		
mampuku	manpuku																																			
Man_boo																																				
mao sasagawa	なぎさ	渚mao笹川水曜日																																		
MARETU																																				
MARUDARUMA																																				
Marvin Valentin	MarvinValentin																																			
Mary																																				
Masa_Charcoal	Masa's Studio																																			
MASAOMI																																				
Matica	ShiroKuro	ShiroKuro(Matica)																																		
mato																																				
mawari																																				
maya																																				
mayuko																																				
MazoP	ヤミナベレコーズ	まぞっぷ																																		
Mealerrand	Mealerland																																			
meiyo																																				
MELORKER																																				
meola																																				
MI8k	みやけ	ナポリP	Ml8k																																	
mickeY(雨上がりP)	雨上がりP																																			
MIDy																																				
mie																																				
miksolodyne-ts	ts																																			
mikumix																																				
mikuru396																																				
millstones	milstones																																			
MIMI																																				
minjta	minojta																																			
MINO-U																																				
mint*	mint*(薄荷キャンディP)	mint(薄荷キャンディP)	*mint	mint																																
MIRAISONIC	NORA																																			
miro																																				
miru																																				
Misumi	ミスミ																																			
Mitchie M	Mitche M	MitchieM	Mitchie_M	Michie M																																
Miwo																																				
Mizore																																				
Mizu																																				
MNoffice	真夜中P																																			
monaca:factory	mouaca:factory	10日P	モナカファクトリー	モナカファクトリー(10日P)																																
MoNo.																																				
mopi																																				
MOSAIC.TUNE	MOSAIC.WAV	MOSAIC. TUNE																																		
msy																																				
mucell																																				
muhmue																																				
Mumei																																				
Mused																																				
muyu																																				
Mwk																																				
Myriad																																				
n-buna	ナブナ																																			
n.k	n.k.																																			
nadauyu																																				
nagi-P	nagi	なぎP																																		
nago	75(nago)	75																																		
Naka-Dai																																				
nakano4	ナカノは4番	ナカノは四番																																		
nami(親方P)	親方P	nami																																		
nana	Sevencolors	nana(Sevencolors)																																		
naraku																																				
narry																																				
Naskey																																				
Natrium																																				
natsuP	natsuP(SCL)	SCL Project																																		
NaturaLe																																				
NEKOZUME	まお猫																																			
NekTo																																				
Nelumbo																																				
Nem																																				
NEN																																				
Neru																																				
nexus																																				
Nhato																																				
Nia																																				
Nicola																																				
niki																																				
Nima																																				
nino01																																				
NiR-Gerda																																				
NIX																																				
NIYMORIY																																				
No-H																																				
No.D																																				
nodio																																				
nogi																																				
nogumi																																				
NONEMU																																				
nori																																				
North-T	畳P	畳P(North-T)																																		
nosono																																				
nosuke																																				
Not-116																																				
note@L-tone	L-tone																																			
NOVEMBER SIMULACRUM																																				
Noz.	Noz																																			
nozakita kazumi																																				
nuts rock(BRBRP)	nuts rock	BRBRP																																		
NY																																				
nyanyannya	nyanannya	nyanyannya（大天才P）	大天才P	nyannyanya																																
o.ken																																				
Odd																																				
OLD RECORDER																																				
OLDUCT																																				
Omoi																																				
ON																																				
onshitu																																				
OPA																																				
oQ																																				
orange																																				
Orangestar	Orangesta																																			
Osanzi																																				
OSTER project	OSTER proect	OSSTER project	ふわふわシナモン	OSTER_project	OSTERproject																															
osu																																				
otetsu	otestu	otatsu																																		
Otomania																																				
OTZ																																				
out of service	out of survice																																			
OUTLOUD																																				
Over Forte	OverForte																																			
P.I.N.A.	P.I.N.A																																			
Paolino																																				
Peg																																				
PENGUINS PROJECT	PENGUIN PROJECT																																			
Pianissimo	雪太																																			
picco																																				
picdo																																				
PIPPO	KALONE																																			
Pizuya's Cell	ぴずや	めいど																																		
Play Of Color	ENA(Play of Color)	Pkay of Color																																		
Po-uta																																				
Ponchi♪																																				
Project Lumina																																				
PSGO-Z	PSGOZ																																			
psycho																																				
Puhyuneco																																				
Q‘nel	Q'nel																																			
q*Left																																				
QTbomber																																				
QutaQuta																																				
R Sound Design	R Sound Desighn																																			
r-906																																				
r0y																																				
Rafutsuri																																				
Raity																																				
Ray	雨沢レイ																																			
Re:nG	Re;nG																																			
RED																																				
redo																																				
regulus																																				
REISAI																																				
Relu																																				
Reno	自傷P																																			
ReNP																																				
rest or stay?																																				
Riei																																				
Riez																																				
Rin（ぎん）	rin																																			
RINGO																																				
rinri	rinri(無色透名祭)																																			
Rio.T																																				
risou	ちんまりP	Sori Sawada																																		
river																																				
rlboro	rIboro																																			
Ro2noki																																				
roki																																				
ROMO	Kosuke Nitta																																			
ROY																																				
RozenkreuzP																																				
Rozmyal																																				
RUBY-CATMAN																																				
rukaku																																				
Ruliea	Ruleia																																			
Rulmry.	るりまる																																			
RuLu	R u L u																																			
Runo																																				
ryo																																				
RyoheiNakamura																																				
ryuryu	びにゅP																																			
S!N																																				
sabio																																				
saiB																																				
saikawa																																				
sakkyoku645																																				
Saku																																				
samfree	smafree																																			
SASA																																				
sasakure.UK	sasakure.‌UK	sasakurw.UK	sasakure. UK	sasakure	ささくれP	sasaskure,UK																														
sat(頑なP)	頑なP	sat																																		
savasti	さばすち																																			
SAWTOWNE	SAWTONE	SAWTOHNE	SOWTOWNE																																	
Sceno Ichiro																																				
schoolmizzy																																				
sea-no																																				
Sebon																																				
SEDO Sounder	SEDO																																			
SEE																																				
Seeka.	Seeka .																																			
SeikoP	むつき醒	むつき醒(seikoP)																																		
seiza																																				
seleP																																				
Sendra																																				
sequel	鬼畜ショタP																																			
SEVENTHLINKS	SEVENTH LINKS																																			
sforza_t																																				
Shibayan	しばやん	やーん																																		
SHIKI																																				
shikisai	sikisai																																			
shima																																				
shino																																				
shizuru																																				
shr																																				
Shu																																				
shu-t	shu-tP	shutP																																		
Shuma																																				
SHUN																																				
siglyna																																				
Silent Symphonia																																				
Siren																																				
sizimi																																				
SLAVE.V-V-R	SLAVE. V-V-R	SLAVE-V-V-R	SLAVE-V.V.R																																	
sleepless																																				
SmileR																																				
SOF.l1d																																				
Soh Yoshioka																																				
Sohbana																																				
sonv																																				
SOUNDGALAXY																																				
souzoucity																																				
SPACELECTRO	Specelectro	Spaceelectro																																		
Sparky																																				
STEAKA	捨て垢																																			
SubStreet	サナダ	substreet（サナダ）																																		
sui																																				
Sun Fuji																																				
Sun1ight																																				
Swashi2																																				
syudou																																				
szri																																				
T-POCKET	藤堂夜宵	とみー	とみーP																																	
T0S																																				
T28																																				
Taishi																																				
Taiske																																				
TAiYAKi																																				
taiyo																																				
TAK																																				
takaken																																				
takamatt																																				
take_coke																																				
Takebo3	takebo																																			
Takh																																				
TakoyakiKZY																																				
TaKU.K																																				
TAMA																																				
tama	たま																																			
tamon																																				
Tanchiky																																				
TARAI																																				
Task																																				
Tatsh	ＢＢＢＤ																																			
teaeye																																				
Teary Planet	TearyPlanet	七尾																																		
TeddyLoid																																				
TeeN																																				
tekalu																																				
tepe																																				
TEPPAN																																				
TeTSU	Final Up Tempos																																			
tezzy																																				
tilt-six	tilt																																			
Tobi.																																				
tokiwa																																				
TOKOTOKO（西沢さんP）	TOKOTOKO(西沢さんP)	TOKOTOKO	西沢さんP																																	
Tom																																				
Tom(酒言実行P)	酒言実行P	ばさん																																		
Tomy																																				
Tonbi																																				
TOQUI																																				
Torero																																				
TOTAL OBJECTION																																				
Treow	ELECTROCUTICA	ELECTOROCUTICA	Treow（逆衝動P）																																	
Tripshots																																				
Twinfield	Twincield																																			
twinkle																																				
tys	tysP																																			
U-ji	霊長類P	U-ji（霊長類P）																																		
U-ray	TZ	TZ(U-Ray)																																		
Ultra-Noob	Ultra-Noobb																																			
uotak																																				
UPNUSY	nick-9																																			
utml																																				
uzP	uz																																			
Various	へてて																																			
Veil	ベール																																			
Vell																																				
VICTREAM																																				
Virgin Noize	Virgin Noise	Virsin Noize																																		
ⅥⅥ	VIVI	ⅥⅥ（ヴィヴィ）- 旧666	666	ⅥⅥ（666）																																
Warr@戦P	戦P																																			
Wato																																				
whoo																																				
Wis...																																				
Wonder-K																																				
wotaku	Jimmyz	Jimmy'z																																		
wowaka																																				
X-Plorez																																				
x-x																																				
x0o0x_	_x0o0x_	_x0o0x	x0o0x																																	
xx	xxxx	ころんば																																		
x髥莏																																				
y0c1e																																				
Y2																																				
YAB																																				
yamada																																				
yamcha																																				
yanagi	yanagi-P	yanagiP																																		
yashiroP	yashiro_P																																			
yasu																																				
Yasuha.	Yasuha	Yasuha.@ボカロP																																		
YASUHIRO(康寛)	YASUHIRO	康寛																																		
yksb	ヤキソバ																																			
YM																																				
YonoP	Yono																																			
Yoshihi																																				
Yosukenchos																																				
youまん	youまん(無色透名祭II参加楽曲)																																			
yowanecity	yowanexity																																			
yu-go																																				
yuha																																				
YUICHI NAKASE																																				
yuigot																																				
yuk																																				
yuki																																				
yukkedoluce	yukkedolce																																			
yukki#																																				
YURAGANO	YURUGANO																																			
yusukeP																																				
yuukiss																																				
yuxuki	そらいろくらぶ	yuxuki waga	wgy																																	
zakooon	zakoon																																			
zasikiP																																				
Zeeka																																				
zensen	前線																																			
ZEROKU																																				
zeroth																																				
zunx2																																				
あーるP	あーるP@rockマン																																			
あー民P	あーみんP	hakusai																																		
アイ＄コン																																				
あいあんくおりてぃ																																				
アイス芋P																																				
あいんしゅたいんP																																				
アウトプットP																																				
あえる																																				
アオトケイ	Fuji	141hP																																		
アオワイファイ																																				
アカサコフ(にいとP)	アカサコフ	にいとP																																		
アカヨウチュウ																																				
アキバヲタP																																				
あくたり																																				
アゴアニキ	アゴアニキP																																			
アサイウミ																																				
あさぬこ	asanuko																																			
あじみ																																				
あたたかい水族館																																				
あだちかすか																																				
アタリ																																				
あち																																				
あぢさゐ																																				
アテコスリ																																				
アトム																																				
アトリ																																				
あな兄																																				
あのねファンタズム																																				
あばば																																				
あばらや																																				
アヒル軍曹P	アヒル軍曹																																			
アフロ1号2号	アフロ1号																																			
アボガド6	アボカド6																																			
あまね																																				
あめのむらくもP	はれのむらくもP																																			
アモス																																				
アモン	amon																																			
あやのん																																				
あやりす																																				
あらき																																				
アララギ小路																																				
アリエP																																				
ありえへんでP	ami																																			
あるにあ																																				
ある調味料																																				
あわあわP	ekl																																			
あわのあゆむ																																				
あんP	あん																																			
あんみつ																																				
アンメルツP																																				
いーえるP																																				
いーらん	いーらん(3㍑P)	いーらん/3リットルP	3リットルP																																	
いえぬ																																				
いお																																				
いおぎりょう																																				
イカ娘ハンター																																				
イズレ																																				
いたちまP																																				
イチ																																				
いちた																																				
イチョウ																																				
いち野																																				
いとーじ																																				
イナガワシユウ																																				
イナナキ																																				
いのうつはSA																																				
いぶすき																																				
イマニシ																																				
イママ																																				
イヤイヤP																																				
いよわ	いよわ(無色透名祭II)																																			
いるかアイス	いるかあいす	irucaice																																		
イルマ																																				
いろなP	167																																			
ウィリアム・シェイクスピア	William Shakespeare																																			
ウォルピスカーター																																				
ウゴP																																				
うしろめたさP																																				
うずら																																				
ウタP																																				
うたたP																																				
うつつ。	うつつ																																			
うどんゲルゲ																																				
うどんタイマーP	うどんタイマー																																			
うみくん																																				
うみゃ																																				
うみろ	こじろー																																			
うらら(マカーP)	うらら	マカーP	ul																																	
ウルエ																																				
えいぐふと																																				
エイハブ																																				
えいぷ																																				
エイリアンエイリアン																																				
エキセントリックP	koni																																			
エキゾチックかまたに																																				
えくしい	棒人間	棒人間P																																		
えこ。	えこ	えこまる	えこまる。																																	
エニシサザナミ	エニシサザナミ（無色透名祭I）																																			
えろあき																																				
エンドケイプ	エンドケイブ																																			
オーP																																				
オカメP	かるび太郎（オカメP）	かるび太郎																																		
おくのほそみち																																				
おじぇいまる																																				
おし怪																																				
オゾン																																				
おチビさん																																				
オッカ	okka																																			
おとよい	おとよいスタジオ	おとよいP																																		
おにゅうP	おにゅう																																			
おパンクP																																				
おやつP	名誉会長P																																			
オヨイダキビス																																				
オレP	水月（みなつき）																																			
オレジナルP																																				
オワタP	ガルナ（オワタP）	ガルナ@オワタP																																		
お柴鉱脈																																				
かぁくん	かぁ君																																			
かいね																																				
カイミュP																																				
かいりきベア																																				
かいゑ																																				
カオスP																																				
かかこ																																				
ががめ	TriaD Grid	Triad-Gird	TriadD Grid	トライアド	Triad_Grid																															
かきもち	無色透名祭参加楽曲(かきもち)																																			
カク																																				
かぐらP	かぐら																																			
かごめP																																				
かしこ。	かしこ																																			
かたほとりP	かたほとり																																			
カナタ(消費税P)																																				
カナタジュン	ヘッドフォンガール																																			
かにみそP	カニミソ	カニミソP	mathru	mathru@かにみそP																																
カネコユウキ	フタリ																																			
カノン																																				
かぴたろう																																				
かぴるす																																				
カフ@	caphat																																			
かぼちゃ																																				
かめりあ																																				
カラスヤサボウ																																				
からとP	辛人P																																			
がりゔぁー																																				
かりく	kalic																																			
カルロス袴田(サイゼP)	カルロス袴田	サイゼP																																		
カワウソP	かわうそP																																			
カワムラシキ																																				
カンザキイオリ																																				
かんてゐく																																				
カンナ																																				
かんぱねって																																				
きいろ																																				
ギガ	Giga	ギガP																																		
きくお																																				
きさら																																				
キジクロ																																				
きじねこ																																				
ぎすたか																																				
キセノンP																																				
きたゆうれい																																				
きっきょん																																				
ぎっちょんの人																																				
キッドP	キッド																																			
きっとずっとぼっち。	きっと、ずっと、ぼっち。	きっと、ずっと、ぼっち																																		
キツネリ																																				
キテ																																				
きの（嘆きのP）	きのP	きの	嘆きのP																																	
キノシタ																																				
きむた																																				
キャプテン・ソプラノ																																				
キャプテンミライ	キャプテン・ミライ	CaptainMirai																																		
キャンディまんじゅうＰ																																				
キュー																																				
きゅんきゅんP	とんかつ																																			
キヨ																																				
キョータ	キョータ(スコアP)	スコアP																																		
キョーヘイ																																				
キラ星ひかる																																				
クオリア																																				
くくどどP																																				
クシャミィ																																				
くじら																																				
グチP																																				
くちばしP	くちばし																																			
ぐちり																																				
ぐにょ																																				
クマロボP	クマロボ																																			
くらP																																				
クリーム市長	市長																																			
クリスタルP																																				
くりたにか	くにたにか																																			
ぐりはまT																																				
ぐるーぶ																																				
ぐるたみん																																				
くれない																																				
グロP																																				
クロワッサンシカゴ																																				
くろゑ																																				
クワガタP	apple41																																			
くをりあ																																				
クンカクンカP	ストライク幼女フリーダム																																			
けーえぬP																																				
けーだっしゅ																																				
けすまる																																				
ケダルイ																																				
ケトラP	ケトラ																																			
けんまP																																				
こうきんぐ	こうきんぐP																																			
ごーぶす																																				
こがねむし																																				
コカンコキーヌP																																				
ゴゴ																																				
コショウ(香辛料P)	香辛料P	コショウP																																		
ゴゼンP	ゴゼン																																			
ことぶき																																				
コニー																																				
このり																																				
ゴボウメン																																				
こめだわら	猫アレルギー	コメダワラ	猫アレルギー（こめだわら）																																	
ごめんなさいが言えなくて	ごめんなさいがいえなくて																																			
こわどり																																				
コン	学戦P	コン(学戦P)																																		
こん																																				
こんにちは谷田さん	キタニタツヤ	こんにちわ谷田さん																																		
サイオナP																																				
さいたまにすと																																				
サイト(2進P)	サイト	さいと	2進P																																	
さいとうP																																				
さいな																																				
ざうに																																				
サカダケイ																																				
ささき はね																																				
さささP	さささ																																			
ササノマリイ	ササノマリイ/ねこぼーろ	ねこぼーろ																																		
さたぱんP																																				
サツキ																																				
さつき が てんこもり	さつきがてんこもり																																			
さなゑちゃん																																				
ざにお	パイパンP																																			
さばこもり																																				
さまぐら																																				
ざわざわP	Kamiyanagi																																			
サンカ																																				
ざんぎ																																				
サンリオ	さんりお	SANRIO																																		
しいか																																				
しいくる																																				
しーくん	seeeeecun(しーくん)	seeeeecun	seeeecun																																	
シーナ																																				
シーベ	しーべ	シーべ																																		
ジェバンニP	ジェバンニp(泉和良)																																			
ジェル	ジェル@すとぷり																																			
しぇろ	しぇろ二期	しぇろ二期（一期）																																		
シカクドット																																				
ジグ																																				
シグサ	shigusa																																			
シグナルP	twinkledisc																																			
しけもく																																				
シシド																																				
しじま																																				
しそP																																				
じたばたP	黒魔	ジタバタP																																		
しっこく																																				
しとお	蟹木しとお																																			
シノ																																				
しばいぬ																																				
シバションP																																				
ジミーサムP																																				
シメサバツイスターズ																																				
しめへび																																				
しも																																				
しゃいと																																				
しゃちぽん																																				
シャノン																																				
シャレオツP	りょう																																			
しゅうな	柊那 -one thing-	柊那																																		
ジュンP	zyun																																			
じゅんぴょん																																				
ショミ	般P	ショミ(般P)	しょみ																																	
ジョルジュ																																				
じょるじん	じょるじん(暗黒童話P)	暗黒童話P																																		
じょん																																				
しるばーな	SILVANA	CleeNoah																																		
しろにゃん																																				
シロムーン																																				
シン																																				
じん	じん(自然の敵P)																																			
シンP																																				
すいっち																																				
すぅぅぅ																																				
すけP																																				
すけっちP																																				
すこっぷ																																				
すこやか大聖堂																																				
すしな																																				
すず																																				
すずきP																																				
スズギリ																																				
スズム	szm																																			
すずめのめ																																				
ステル																																				
ずどどんP	zddn																																			
ストリークP	ppp21																																			
すりぃ																																				
すれなぐ																																				
すんzりヴぇrP	sunzriverP	sunzriver	すんｚりヴぇｒ																																	
すんぷすん	YSGN74																																			
せーらん																																				
せきこみごはん																																				
セピア																																				
センラ																																				
そうまP	相馬																																			
そそそP	そそそ																																			
そぞろまる	Sozoro(そぞろまる)																																			
ソノダ																																				
そらる																																				
ソレナンテP	ときわかねなり																																			
だいすけP																																				
たいたぬ																																				
タイツォン		からくり卍ばｰすと	からくりバースト																																	
たう(かちゅぜちゅぴー)																																				
たかちゅう																																				
たかとん																																				
タカノン																																				
たかぴぃ	たかP																																			
タカヒロ																																				
たくしP																																				
タケ・ヨシキ																																				
タケノコ少年																																				
ダジダジダージリン																																				
だだ																																				
ただのCo	si-o	4o	si-o（ただのCoだった）																																	
タチマナユ																																				
たてごと♪（カラダに優しいP）	たてごと♪	カラダに優しいP																																		
たべっこ																																				
たまぁ〜ず	たまぁ〜ずP	たまぁ~ず																																		
たまお																																				
たま葱(808P)	808P	たま葱																																		
だよねP																																				
たる Team iM@C																																				
たるとP	タルトP																																			
ダルビッシュP	ダル																																			
たろう16bit																																				
チーターガールP	KTG(チーターガールP)	KTG																																		
ちいたな																																				
チータン	チータンP	ちーたん																																		
ちーむMOER	ちーむMORE																																			
チームカミウタ	カミウタ																																			
ちーむ炙りトロ丼	串	Φ串Φ	チーム炙りトロ丼																																	
ちえP																																				
ちお	＊ちお																																			
ちから																																				
ちかるとふ																																				
ちゃぁ																																				
ぢゅ@メラゾーマP	メラゾーマP	ぢゅ＠メラゾーマP	ぢゅ	ぢゅ(メラゾーマP)																																
ちゅうとろP	ちゅうとろP(ピコ)	ピコ																																		
ちょむP																																				
ツカダタカシゲ																																				
つきふみ	ツキフミ																																			
つきみぐー、	つきみぐー																																			
つこ	つこ(ウオアP)	ウオアP																																		
つな																																				
つなまる	つなま	めざめP																																		
ツミキ																																				
つる																																				
てぃあら																																				
ていぬ																																				
デスおはぎ																																				
テヅカ	テヅカ(mizki)																																			
デッドボールP	槇タケポン＠デＰ	デP																																		
てとら																																				
てにをは																																				
てのひらみらい																																				
デミグラ																																				
てらいと																																				
テラ小室P																																				
テレカ	テレカP																																			
テンタクル忍者																																				
テンツク																																				
テンネン																																				
でんの子P	でんのこP																																			
ど〜ぱみん																																				
とあ																																				
とある厨二の大学生	とある厨二の大学院生																																			
とうかさ																																				
トーマ																																				
とくP	toku																																			
ドッP	negoto																																			
どぶウサギ	dBu																																			
トマト牛乳																																				
とも	とも(tomo)	tomoP	tomo																																	
トラボルタ	トラボルタP																																			
とりぴよ																																				
どん																																				
ドンガリンゴP	Kinra																																			
どんの音楽工房																																				
とんびP	とんび																																			
ドンフライP																																				
ナイーヴP	くぇ																																			
なぎ																																				
なきそ																																				
なきゃむりゃ	なきゃむら																																			
なすP																																				
ナタP	なたP	なたプー																																		
なっとくP																																				
ナツノユウ																																				
なつみ																																				
なつめ千秋																																				
ナナエム																																				
ななねろ	日陰電工(nelo)	nelo																																		
ナナホシ管弦楽団	ナナホシ管弦楽団 / 岩見 陸	不純異性交遊P																																		
なぬりそ																																				
ナノウ	ほえほえP	ナノウ(ほえほえP)																																		
ナノリータP																																				
なみぐる																																				
ナユタン星人																																				
なるしまたかし																																				
な鍋																																				
におP	にお																																			
にっくきゆう																																				
にっけい																																				
ニト。																																				
にとぱん	みとぱん	ニトパン																																		
にほ																																				
にほしか																																				
ニャン・トンロン	ニャントンロン																																			
にれぎる																																				
ぬためた																																				
ぬぬぬぬぬぬぬぬぬぬぬぬぬぬぬぬ	ぬぬぬぬ(略)	ぬぬぬぬぬ	ぬぬぬぬぬぬ	ぬぬぬぬぬぬぬ	ぬぬぬぬぬぬぬぬぬ	ぬぬぬぬぬぬぬぬぬぬぬぬ	ぬぬぬぬぬぬぬぬぬぬぬぬぬぬぬ	ぬの人	ぬぬぬぬぬぬぬぬぬぬぬぬぬぬぬぬぬぬぬぬぬぬぬぬぬぬぬぬぬぬぬぬぬぬぬぬぬぬぬぬぬぬぬぬぬぬぬぬぬぬぬぬぬぬぬぬぬぬぬぬぬぬぬぬぬぬぬぬぬぬぬぬぬぬぬぬぬぬぬぬぬぬぬぬぬぬぬぬぬぬぬぬぬぬぬぬぬぬぬぬぬぬぬぬぬぬぬぬぬぬぬぬぬぬぬぬぬぬぬぬぬぬぬぬぬぬぬぬぬぬぬぬぬぬぬぬぬぬぬぬぬぬぬぬぬぬぬぬぬぬぬぬぬぬぬぬぬぬぬぬぬぬぬぬぬぬぬぬぬぬぬぬぬぬぬぬぬぬぬぬぬぬぬぬぬぬぬぬぬぬぬぬぬぬぬぬぬぬ	ぬぬぬ	ぬぬぬぬぬぬぬぬぬぬぬぬぬぬぬぬぬぬぬぬぬぬぬぬぬぬぬぬぬぬぬぬぬぬぬぬぬぬぬぬぬぬぬぬぬぬぬぬぬぬぬぬぬぬぬぬぬぬぬぬぬぬぬぬぬぬぬぬぬぬぬぬぬぬぬぬぬぬぬぬぬぬぬぬぬぬぬぬぬぬぬぬぬぬぬぬぬぬぬぬぬぬぬぬぬぬぬぬぬぬぬぬぬぬぬぬぬぬぬぬぬぬぬぬぬぬぬぬぬぬぬぬぬぬぬぬぬぬぬぬぬぬぬぬぬぬぬぬぬぬぬぬぬぬぬぬぬぬぬぬぬぬぬぬぬぬぬぬぬぬぬぬぬぬぬぬぬぬぬぬぬぬぬぬぬぬぬぬぬぬぬぬぬぬぬぬぬぬぬぬぬぬぬぬぬぬぬぬぬぬぬぬぬぬぬぬぬぬぬぬぬぬぬぬぬぬぬぬぬぬぬぬぬぬぬぬぬぬぬぬぬぬぬぬぬぬぬぬぬぬぬぬぬぬぬぬぬぬぬぬぬぬぬぬぬぬぬぬぬぬぬぬぬぬぬぬぬぬぬぬぬぬぬぬぬぬぬぬぬぬぬぬぬぬぬぬぬ	ぬぬぬぬぬぬぬぬ																								
ぬゆり																																				
ヌル	ヌル(無色版)																																			
ねこまんま																																				
ねこむら	ねこむら(cat nap)	cat nap																																		
ねじ。																																				
ネジP	ネジ																																			
ねじ式	ねじ式																																			
ねずちう	無色透名祭(ねずちう)	無色透名祭参加楽曲(ねずちう)																																		
ネビレ																																				
ねや																																				
ノア																																				
ノイ																																				
ノイトメ	Noitome																																			
のーねーむ	八河のなめ																																			
のすけ	のすけ/isonosuke	isonosuke																																		
のぼる↑	のぼる	のぼる↑P																																		
のりぴー	のりP																																			
のんの	二度寝P																																			
バーミーズ																																				
バイカP																																				
はいのことん																																				
バカッパの証-ｱｶｼ-	バカッパの証	バカッパ																																		
はかめ																																				
ぱきら																																				
はこ	無色透名祭II（はこ）																																			
はごろもP	yuzen																																			
バタパンP	vataco																																			
ハチ																																				
ハッチポッチP																																				
ばっどがい																																				
パトリチェフ																																				
バナナP																																				
はねるさかな																																				
ハノア																																				
パピ子りん																																				
ばぶちゃん																																				
はみ																																				
ハヤシケイ	ハヤシケイ / KEI	ハヤシケイ/KEI	KEI																																	
ハヤブサ	NANiCA	ハヤブサ(現 NANiCA)																																		
はややP	はやや〆	はやや																																		
ばらっげ																																				
はりーP	はりー	HarryP	HarryP（はりーP）																																	
ぱりぱりさらうどん																																				
パル♪	パル																																			
バルP																																				
バルーン	バル－ン	須田景凪 バルーン	須田景凪	バル―ン																																
はるな。																																				
ぱるねP																																				
はるふり																																				
はるまきごはん																																				
はろける																																				
パワーコードP	ぬるお																																			
ハン																																				
ぱんたん	ばんたんP	ぱんたんず	ぱんたんP																																	
はんにゃG																																				
ヒアソビ																																				
ぴーなた																																				
ひかっぴ																																				
ぴける（満足P）	ぴける	満足P																																		
ピコン																																				
ぴすた																																				
ビタミンな兄貴♂	ビタミンな兄貴	パセリP																																		
ヒッキーP																																				
ひでよし																																				
ひとしずく	ひとしずくP																																			
ヒトリエ																																				
ひなた春花	ひなた春花（はるはな）																																			
ピノキオピー	ピノキオP																																			
ぴぼ	ぴぼ（memex Gt）																																			
ヒャダイン																																				
ひらうみ																																				
ひらぎ																																				
ピロノメ綺想団																																				
ぴろぱる	ぴろばる	PIROPARU																																		
ヒロモト ヒライシン																																				
ピロリロP																																				
ひろ坊																																				
ファミロックP	星威																																			
ふぁるすてぃ	ふぁるすてぃ【fallstay】																																			
ふぅちゃん																																				
プーチンP																																				
フェイP																																				
フカクボリョウ	レヲン																																			
ぷく																																				
ふじを																																				
ぷす	じっぷす																																			
ぶちゃぱてぃ																																				
ぶっちぎりP																																				
フナコシP	hara																																			
ふに(妹)	ふに																																			
ぷにまる																																				
ブブゼラ																																				
フミ																																				
フユウ																																				
ふゅゅ××																																				
ぶりる	ぶりるP																																			
ふる																																				
フロクロ	Frog96	フロクロ(Frog96)																																		
プロト																																				
ぷろぺら																																				
プロペリン	プロぺリン	プロペリン（万玄斎）	ぷろぺりん																																	
ふわりP																																				
フヲルテ	forute	fourte																																		
ベガチック	VEGACHICK																																			
ペコロ																																				
ぺぺろんP	OzaShin	虹原ぺぺろん																																		
ぺぽよ	ペぽよ																																			
ぺむ	五十嵐ハル	ぺむ（五十嵐ハル）																																		
ヘリP																																				
ヘルニア																																				
ぼいじゃあ																																				
ほいっぷ																																				
ぼいど																																				
ぼーかりおどP	ぼーかりおどP(noa)	おどP																																		
ボカロ互助会	2chDTM板ボカロ互助会																																			
ぽこた																																				
ボス走らず急いで歩いてきて僕らを助けてP	ぼすけてP	ぼすけて																																		
ぼっちぼろまる																																				
ほっとけゑき	hotcàke																																			
ぽて																																				
ぽてとくん																																				
ぽてんしゃる0																																				
ほぼ日P																																				
ポリスピカデリー																																				
ぽりふぉ	PolyphonicBranch	PolyphonicaBranch																																		
マーメイドP																																				
まーる																																				
マイキP	マイキ																																			
マイゴッドP	マイゴットP																																			
まいなん																																				
マェロP																																				
まかろり																																				
マキシウキョウ																																				
まきゃヴぇり																																				
まこひめ																																				
まこ猫	まこ井又(まこ猫)	まこ井又																																		
まさ																																				
マサキりたんP	マサきりたんP																																			
マサラダ																																				
ますお																																				
マスティ	マアスティ																																			
まだおP																																				
まだ仔																																				
また切ない世界を生きる																																				
マチゲリータ	マチゲリータP																																			
まちす																																				
マッハ人生																																				
まど枠																																				
まふまふ																																				
マヤ																																				
まらしぃ	marasy	まらしい																																		
マルキン																																				
まるらぴ	まるらぴ(無色透名祭)																																			
マロ																																				
まんぼう二等兵																																				
まんまるこーき	こーき																																			
みきーの																																				
みきっきー																																				
みきとP																																				
ミクとお茶を																																				
ミクニユキナカ	みくにゆきなか																																			
みじぴんP																																				
みずな	水名椎																																			
みちる																																				
みちる画伯																																				
みつあくま																																				
みつばちぼっち																																				
ミナツキトーカ	パンドリストP	バンドリストP																																		
ミニスカP																																				
ミニマムカーター																																				
みや丸	コロくん																																			
ミュムP	ミュム																																			
ミリ子																																				
ミ瑞	ミ端																																			
ムシぴ	ムシP																																			
ムラタシユウ																																				
めいちゃん																																				
めェ子																																				
メガ ナガメ	メガナガメ																																			
めがP	細江慎治	細江慎治（めがP）																																		
メガテラ・ゼロ																																				
めたはあ	めたはあP																																			
メドミア																																				
めりー																																				
メル	メル/イズモリョウスケ																																			
メレル																																				
めろくる																																				
めろんてぃーP																																				
めんでぇP	めんでぇ																																			
もう、ダメP	もう、ダメ																																			
もう石田																																				
もじゃ																																				
モジャP	melou	モジャ																																		
もそもそP																																				
もちーべP																																				
もちうつね																																				
もちづき	もちづき(無色透名祭)																																			
もっちりしたパン																																				
もっふーP																																				
モデ																																				
もふ@	もふ	もふ＠(Tinkle-POP)																																		
モモカシュー	momocashew																																			
モリナガハナクソ	モリナガ ハナクソ																																			
もわもわP	熊谷幻斎																																			
ヤア																																				
やいり																																				
やかもち																																				
ヤスオ	ヤスオP																																			
ヤヅキ	ヤヅキ激おこP																																			
やながみゆき	yanagamiyuki																																			
やなこ																																				
ヤブイヌ																																				
やま																																				
やま△																																				
ヤマギシコージ																																				
やみくろ																																				
ヤンデレP	Kiesca																																			
ユイナミ	yuinami	yui																																		
ゆうP	UtopiaLyric																																			
ユウキP																																				
ゆーきー																																				
ゆうね																																				
ゆうゆ	ゆうゆP																																			
ゆうら																																				
ゆう十																																				
ゆかてふ																																				
ユギカ																																				
ゆきち																																				
ゆきちゃんP																																				
ユキトモ																																				
ゆこぴ																																				
ユジー																																				
ゆずひこ																																				
ゆすら																																				
ゆずり																																				
ゆちゃ	ゆちゃP	ゆちゃ(ボカロP)																																		
ゆにめもP	ゆにめも																																			
ゆめうつうつ																																				
ゆよゆっぺ	DJ'TEKINA//SOMETHING																																			
ユラメ																																				
ユリイ・カノン	ユリィ・カノン																																			
ヨーコ																																				
よじね																																				
よしぶる																																				
よし屋	よし屋P	吉屋りん	よし屋＠吉屋りん																																	
よたばいと																																				
よったん	mix☆jam																																			
ヨハク	よはく																																			
よみぃ																																				
よよP																																				
らーめんぽっぷ																																				
らいだーP	kijima																																			
ライブP																																				
ラヴリーP	ラブリーP																																			
ラシ(音音P)	ラシ	音音P	OTOOTO-P																																	
ラテルネ																																				
ラマーズP	ラマーズ	LamazeP	ゴジマジP	名無し																																
ラムネ(村人P)	ラムネ	村人P																																		
ラムネP																																				
リアルアキバボーイズ	REAL AKIBA BOYZ																																			
りくさん																																				
リクルートP																																				
リケ																																				
リスミー																																				
リョータイ																																				
りょかP																																				
るーぱあP																																				
ルシノ																																				
るなちゅ																																				
るりう																																				
れあい	0i																																			
レグナ																																				
れすた	愛生佑城																																			
レタスP	日向空(ex.レタスP)																																			
レトルト																																				
れぬ。																																				
レフティーモンスター	レフティーモンスターP	レフティモンスターP	レフティモンスター																																	
れるりり	れるりりなど	れるりりら																																		
れれれP																																				
れをる																																				
レン廃留置所																																				
ろーある																																				
ろくろ																																				
ロテ																																				
ろひ																																				
ロボ	ROBO																																			
ロボヒコ																																				
ロリP																																				
ろん																																				
ワールドワイドP																																				
わか	わか/IMBK	苺ミルクをぶっかけたら殺す。																																		
ワカバ																																				
わかばマークおじさん	ワカバマークおじさん																																			
わこつP																																				
わたしょ																																				
ワタルP	ワタル																																			
わらべ																																				
ワンカップP																																				
ワンダフル★オポチュニティ！	ワンダフル☆オポチュニティ！	ワンオポ	じーざすP	マイナスP	Wonderful Opportunity	Wonderful★Opportunity!	ワンダフル⭐︎オポチュニティ	ワンダフル☆オポチュニティ!	ワンダフルオポチュニティ																											
わんだらP	fkoshiba																																			
ゐつ																																				
ゐろは苹果	いろは苹果	wyiroha																																		
ンチャP	N-chaP																																			
ンバヂ	ンバヂ(nbaji)																																			
亜沙	亜紗																																			
阿修																																				
葵木ゴウ	午後ティー	葵木ゴウ（午後ティー）																																		
悪ノP	mothy	mothy(悪ノP)	mothy_悪ノP																																	
虻瀬犬	虻瀬	あぶせ																																		
飴がふる空																																				
綾葉	綾葉（ハマダコウキ）	ハマダコウキ																																		
安見すや																																				
案山子																																				
杏あめ																																				
伊根																																				
伊東歌詞太郎	伊藤歌詞太郎																																			
伊東健人																																				
威戸れもね。	威戸れもね																																			
惟(ゆい)	惟																																			
井の頭P																																				
磯P																																				
一行P																																				
一二三																																				
一筆かもめ																																				
稲むり																																				
稲葉曇	稲葉雲																																			
右近																																				
宇田もずく																																				
羽生まゐご	羽生まいご																																			
雨の介																																				
雨ノ漣																																				
雨河雪	SetsU																																			
雨傘P	rainy𝖽𝖺𝗒																																			
雨曇																																				
雨乃こそあど																																				
雨良	雨良 Amala	Amala																																		
卯花ロク																																				
雲丹																																				
影法詞	影法師																																			
円盤P																																				
園端石																																				
園長P																																				
翁																																				
桶屋																																				
乙P																																				
乙女P																																				
音と光																																				
音継かなで																																				
音瀬 。	音 瀬 。																																			
音無あふ																																				
仮名																																				
加賀(ネギシャワーP)	加賀	ネギシャワーP																																		
可ラッカ																																				
夏山よつぎ	夏山よつき																																			
夏代孝明	夏白孝明																																			
夏毛	9Q																																			
夏目P	A某																																			
家の裏でマンボウが死んでるP	家の裏でマンボウが死んでる	字も絵も下手っP																																		
歌惹(カジャ)	歌惹	カジャ	カジャなど	カジャ他	カジャら																															
花火師なっち																																				
花束P																																				
廻転楕円体																																				
快晴P																																				
海茶	うみちゃ																																			
海鳴メノウ																																				
灰色ねむり																																				
皆川溺																																				
芥田レンリ																																				
学生気分																																				
楽園市街																																				
環エヲ																																				
喜兵衛																																				
幾砂襷																																				
汽笛P	トトトトム																																			
吉田ヨシユキ																																				
吉田夜世	Yasson																																			
吉本おじさん																																				
橘しとら																																				
宮下遊																																				
宮守文学																																				
宮沢もよよ																																				
牛肉																																				
曲者P	Kusemono																																			
玉木ちんたら	ちんたら																																			
金魚光線																																				
銀サク																																				
銀河方面P	銀河方面P＠神野貴志																																			
駒木優	駒木 優	こき																																		
空海月																																				
栗山夕璃(蜂屋ななし)	栗山夕璃	蜂屋ななし	VAN DE SHOP（蜂屋ななし）	VAN DE SHOP	蜂屋ななし(栗山夕璃)	蜂谷ななし	栗山有璃	鉢屋ななし																												
芸竜作	GR																																			
月裏																																				
月隱夜色																																				
鍵盤無双P	たけ																																			
原口沙輔																																				
古川本舗	古川P	ぬー	ぬー（古川本舗）																																	
古池ゆうすけ	古池ゆうすけ(無色透名祭Ⅱ)																																			
古墳P	kofunP																																			
光収容	hikari																																			
口南P																																				
広瀬ある																																				
広日向																																				
弘世亮佑																																				
溝野あわ																																				
紅葉初雪																																				
鋼兵	タンクトッP(鋼兵)	タンクトッP																																		
香椎モイミ	香椎もいみ																																			
黒うさP	黒うさ																																			
黒うさぎ																																				
黒田亜津																																				
黒澤まどか	黒澤マドカ	黒沢まどか																																		
骨丸																																				
骨盤P	ナカジマ																																			
今日犬																																				
佐藤原材料																																				
佐藤乃子	佐藤乃子(無色透名祭I)	佐藤乃子(無色透名祭Ⅱ)																																		
左通(カーストP)	カーストP	左通＝カーストP	hidaritsuu	左通																																
沙P	sunaP																																			
砂天狗																																				
砂粒																																				
挫折P																																				
彩音	彩音〜xi-on〜	彩音P	彩音 〜xi-on〜																																	
才歌																																				
犀は火曜日、山羊は海																																				
榊みむ																																				
桜田紋二																																				
桜餅ルナ																																				
鮭P	low	Shake Sphere																																		
笹桐	ねぎたまP																																			
三角いたち																																				
三角コナ																																				
三重の人																																				
三上加味																																				
傘音																																				
傘村トータ																																				
山口雅也																																				
山本																																				
山羊は海																																				
残響P																																				
仕事してP	hinayukki																																			
四次元P																																				
四多トオリ	無色透名祭（四多トオリ）																																			
四度寝																																				
子牛																																				
子羊																																				
屍P																																				
市瀬るぽ	市瀬るぼ	市瀬ルポ																																		
志輝																																				
志茉理寿																																				
獅子志司																																				
紙崎ねい																																				
視長P																																				
詩乃原しの	しのはら																																			
寺田まも																																				
時ノ計劃	ふぁふぁ																																			
時雨																																				
耳ロボP																																				
鹿乃																																				
式浦躁吾	式浦。	式浦																																		
七夜さん																																				
疾風P																																				
斜め上P																																				
煮ル果実																																				
謝謝P																																				
若干P	KNOTS																																			
弱音P																																				
囚人P																																				
修羅場P																																				
春瀬れつ																																				
春川																																				
春川はしっこ																																				
春風ハンナ																																				
春野																																				
巡巡																																				
書店太郎																																				
諸味胡瓜																																				
小宮かふぃー	小宮 かふぃー	風邪薬排除P	かふぃー																																	
小宮ちゃんP																																				
小菅こんにゃく																																				
小川大輝	小川 大輝																																			
小林オニキス																																				
小林幸子																																				
少年T																																				
松傘																																				
情熱P	てとてと																																			
織井辺コフィ																																				
色白																																				
触媒ファントムガール																																				
新井健史	アラケン	新井 健史																																		
新城P																																				
森羅																																				
真島ゆろ																																				
神谷まう	神谷	ううめ																																		
神道P																																				
神尾けい																																				
神無月P																																				
神様うさぎ																																				
人間どっく																																				
人間合格	N1N63N																																			
人生P																																				
水雲																																				
水彩画P																																				
水町涼																																				
水平線P																																				
水野あつ																																				
翠榎																																				
雛國ミキ	oyasumi																																			
杉春圭																																				
澄人																																				
世界電力	世界電力（無色透名祭）	無色透名祭（世界電力）																																		
瀬名航																																				
是	是︎︎	是是乃																																		
是松イサム																																				
成宮 亮	成宮亮																																			
成田淋	成田痳																																			
整列P	門角(整列P)	門角																																		
晴いちばん																																				
清水コウ	コウ	Diarays																																		
生㌔P																																				
盛るP	モルP	園山モル	MOL.																																	
製図P																																				
西島尊大																																				
西島大介																																				
青よりも青																																				
青屋夏生	青屋夏生(ｱｵﾔﾅﾂｷ)																																			
青栗鼠	青栗鼠/Aoris																																			
青山ジンベエ	マリー・アンドロイド																																			
青磁	即興電P																																			
青谷	青屋																																			
青木月光																																				
石黒千尋																																				
石風呂																																				
赤イ他人																																				
赤い彗星P	しゃぁ																																			
赤ティン	赤ティン（ちゃんと本物）																																			
赤坂んんん																																				
赤兎かい																																				
赤乃わい																																				
赤髪																																				
雪乃イト																																				
絶海																																				
千石ナタデコ子																																				
染香																																				
全てあなたの所為です。																																				
粗品																																				
奏	奏(kanade)																																			
奏音69																																				
想太																																				
相川結月																																				
相田のけ																																				
蒼P																																				
蒼透																																				
蒼二才																																				
束子P																																				
袖野あらわ	袖野 あらわ																																			
他人事																																				
駄菓子O型																																				
大沼パセリ																																				
大丈夫P																																				
大神アキラ																																				
大漠波新	だいばくはしん																																			
滝善充	滝 善充	滝善光																																		
卓球少年	卓球少年(えへへP)	えへへP																																		
沢田凛																																				
濁茶	濁茶(だくちゃ)																																			
茸きのこ																																				
脱出型椎間板ヘルニアP																																				
淡雪こだま																																				
暖炉P																																				
知.																																				
竹輪P	チャド@竹輪P																																			
中瀬ミル																																				
中西	ピストンP																																			
朝霧ヒロキ	Asagiri hiroki																																			
蝶々P	papiyon/蝶々P																																			
長門																																				
鳥居羊																																				
椎谷ユウ																																				
椎乃味醂	推乃味醂	椎野味醂																																		
椎名もた	ぽわぽわP	ハイカラサン	ハイカラさん	ハイカラさん(椎名もた)																																
椿。																																				
鶴三																																				
低所得P	ビーノ																																			
底辺P	底辺Pリンク	底辺P集会所	otmaaal(底辺P)																																	
鼎沙耶																																				
鉄分P																																				
天月-あまつき-	天月																																			
天使電影																																				
田中B																																				
田中隼人																																				
田中和夫	吉田さん																																			
電ǂ鯨	電ｷ鯨																																			
吐息.	吐息																																			
渡部																																				
奴狐																																				
凍傷のエト																																				
東雲なとり																																				
東京真中																																				
桃源郷																																				
湯煎白雪																																				
灯下はこ																																				
灯油	TOUYU																																			
藤原ハガネ																																				
藤本薪																																				
豆カカオ																																				
豆腐メンタル.inc P	豆腐メンタル.incP	豆腐メンタル. incP																																		
禿親父（ド）M																																				
読めない人																																				
読谷あかね																																				
奈良瀬																																				
内緒のピアス																																				
謎J																																				
南ノ南	南ノ南@せかせかP																																			
二錠																																				
虹ノ屋																																				
日向電工																																				
日咲P																																				
猫舘こたつ	猫舘 こたつ																																			
猫虫	猫虫P																																			
猫田紺																																				
馬P																																				
馬車馬カエデ																																				
廃原メモリ																																				
背面8回宙返り																																				
梅とら																																				
萩原九厘																																				
白井クラ子	白井くらこ																																			
白風珈琲																																				
薄塩指数	薄塩指数(ウスシオシスウ)																																			
八王子P																																				
半人間																																				
半端未定																																				
否め																																				
緋色																																				
飛行少女観測隊																																				
飛鳥																																				
尾形回帰																																				
微円																																				
鼻そうめんP	鼻そうめんP / かんざきひろ																																			
鼻毛P																																				
柊キライ																																				
柊マグネタイト	柊マ																																			
百夜カエル																																				
負二価-																																				
武井宏之																																				
風原																																				
物煎餅	物瀬b寧																																			
糞田舎P	ryt																																			
文月フミト																																				
文字																																				
文無																																				
文目	Ayame																																			
平田義久																																				
歩く人																																				
菩化鳥	ヴォケドリ	菩化鳥(ヴォケドリ)																																		
呆	左手	左手（呆）	呆(左手)																																	
芳田																																				
北森劇場																																				
埋もれたP																																				
毎夜P	neL																																			
末代雨季。	末代雨季																																			
沫島																																				
沫尾																																				
味噌汁P																																				
湊いつき																																				
眠田峰																																				
夢見るP	music																																			
無色透名祭公式	無色透名祭参加曲	(無)	(無色透名祭)	(無色透名祭参加楽曲)	（無色透名祭投稿楽曲）	無色透名祭投稿曲	無色透明祭	無色透名祭投稿楽曲	無色透名祭Ⅱ参加曲	(無II)	(無Ⅱ)	(無色II)	(無色Ⅱ)	(無色透名祭Ⅱ)	(無色透名祭Ⅱ参加楽曲)	（無色透名祭Ⅱ投稿楽曲）	(無色透明祭Ⅱ投稿曲)	無色Ⅱ	無色透名祭Ⅱ	無色透名祭II 参加曲	無色透名祭II参加楽曲	無色透名祭Ⅱ投稿楽曲	(無色透名祭3投稿楽曲)	(無色透名祭3)	(無色透名祭2投稿楽曲)	無色透名祭	（無色透名祭Ⅲ参加楽曲）	無色透明祭Ⅲ	無色透名祭Ⅲ	無色透名祭3参加楽曲	無色透名祭3	無色透明祭Ⅱ	無色透名祭I	無色透名祭2	無色透名祭参加作品	無色透名祭参加楽曲
無力P																																				
霧四面体																																				
霧島																																				
名無	名無（Namu）																																			
明太Rocker																																				
綿ならし																																				
綿ナラシ	綿ならし																																			
綿飴	季節P	綿飴（季節P）																																		
木村ユタカ																																				
木村わいP	木村わい																																			
木片																																				
木木	kiki																																			
夜はこれから																																				
夜烏P	夜烏																																			
夜桐蒼																																				
夜丹れにや																																				
夜未アガリ	夜末アガリ																																			
愉快なヴォーパルバニーズ																																				
優日のすたるじっく																																				
勇魚																																				
幽霊一文字																																				
有機酸																																				
柚木みとり																																				
由末イリ																																				
遊ぶ幽霊																																				
雄之助	雄之介																																			
融合P																																				
夕焼けP																																				
葉浦P	葉浦　蓮																																			
葉月ゆら																																				
陽澄リョウ																																				
裸洗顔	裸洗顔P																																			
雷鳴P																																				
落合一十																																				
乱心P																																				
乱数P	namakobcg																																			
藍宮ことの																																				
藍乃																																				
藍緑P																																				
梨本うい	梨本P	Mr.カウパーソン																																		
裏コマンダーP																																				
立椅子かんな																																				
立秋																																				
流星P	湊貴大(流星P)	湊貴大(流星P) / トゥライ	minato(流星P)	minato	湊 貴大(流星P)																															
旅路																																				
遼遼	ルワン	ルワン/遼遼	遼遼（ルワン）																																	
林檎																																				
隣人	tsukimido	隣人P																																		
涙しずく	ÿ4d																																			
鈴ノ助																																				
廉	廉(ren)																																			
漣音																																				
蓮実えれな																																				
露吐																																				
牢獄P																																				
和泉蛍																																				
和田たけあき	和田たけあき(くらげP)	くらげP																																		
歪P	雪那																																			
惑井																																				
僭越																																				
凵 -ukebako-	凵-ukebako-	凵																																		
刹那P																																				
梔																																				
鬱P																																				
鬱桑型																																				
磊撃																																				
蜻蛉	とんぼ																																			
螟上?邨ゅｏ繧																																				
蟲の知らせ																																				
霄																																				
鯡苦心																																				
Δ	Δ/でるた	でるた	小ノ寺空																																	
ت	ت ت	ت_ت																																		