sm28553846	songs	sm28553846.json	僕は。	【結月ゆかり】僕は。【オリジナル】
sm33568635	songs	sm33568635.json	デッドロイド	ていくる - デッドロイド feat.初音ミク
sm21468850	songs	sm21468850.json	ラブアトミック・トランスファー (z’5 Arrange)	ラブアトミック・トランスファー (z’5 Arrange) ／ feat. 鏡音リン、鏡音レン
sm14027065	songs	sm14027065.json	コメコジキナノサー♪	【重音テト】コメコジキナノサー♪
sm40352226	songs	sm40352226.json	無題 ep.01	無題 ep.01 / 初音ミク
sm41781600	songs	sm41781600.json	ちっぽけな創星	ちっぽけな創星/初音ミク .feat takkann
sm40876514	songs	sm40876514.json	Astra	Astra / 初音ミク（無色透名祭ver）
sm16441674	songs	sm16441674.json	シティー・ボーイ	【ミクを人間のように歌わせてみた】シティー・ボーイ【初音ミクsingsNW】
sm31041896	songs	sm31041896.json	すべてはまぼろし	【初音ミク】すべてはまぼろし【#ポッジーニトリビュート】
sm40887976	songs	sm40887976.json	愛呪	愛呪／星界
sm40959085	songs	sm40959085.json	かざみどりが落ちてくる	None
sm38618405	songs	sm38618405.json	Secret Universe	Secret Universe ／ かぁくん feat. 鏡音リン・レン
sm38858307	songs	sm38858307.json	Shooting Star	techicobal* - Shooting Star feat. 鏡音リン
sm28682643	songs	sm28682643.json	last will	「last will」 Vo.初音ミク
sm31940830	songs	sm31940830.json	葵ちゃんはチョコミントアイスエイヤッ↑(/＞_＜)/	葵ちゃんはチョコミントアイスエイヤッ↑(/＞_＜)/
sm40871818	songs	sm40871818.json	フィラウティア	フィラウティア/初音ミク(remastered)
sm38038905	songs	sm38038905.json	摩天楼ワンダー	摩天楼ワンダー/初音ミク
sm43429700	songs	sm43429700.json	無名のクオリア	無名のクオリア/GUMI.重音テト
sm41528869	songs	sm41528869.json	また誰もいない部屋に辿りついてしまった	【格付けチェック】また誰もいない部屋に辿りついてしまった / 文月フミト feat. 機流音・神威がくぽ
sm34831056	songs	sm34831056.json	アイシテナイフ	アイシテナイフ / ゐろは苹果
sm4099653	songs	sm4099653.json	恋のIT革命★	【KAITO希望】オリジナル曲「恋のIT革命★」【でも歌は初音】
sm41781565	songs	sm41781565.json	ふたりでひとつみまん	ふたりでひとつみまん/初音ミク feat.takkann
sm42577322	songs	sm42577322.json	いえすかちゅうか	いえすかちゅうか / 可不 & 裏命
sm40620859	songs	sm40620859.json	MOTHER	MOTHER feat. 初音ミク
sm32220951	songs	sm32220951.json	篝火と霹靂	【篝火と霹靂 】うみろ feat.flower
sm26983384	songs	sm26983384.json	あなたの願いをうたうもの	「あなたの願いをうたうもの」 オリジナル曲 Vo.初音ミク
sm25485863	songs	sm25485863.json	いざしゅつじん！	【刀剣乱舞/今剣イメソン】いざしゅつじん！ ／ 鏡音レン、オリジナル。
sm29708463	songs	sm29708463.json	猫と花壇	猫と花壇／滲音かこい
sm43439171	songs	sm43439171.json	コラム	コラム / 鳴花ヒメ･ナースロボ_タイプT
sm39990513	songs	sm39990513.json	ダークチョコレート防衛線	【ミク＆レン】ダークチョコレート防衛線【オリジナル】
sm30699745	songs	sm30699745.json	境界性ラインアート	境界性ラインアート／flower
sm41189586	songs	sm41189586.json	クモヒトデのうまる砂の上で	クモヒトデのうまる砂の上で
sm32072376	songs	sm32072376.json	エイラ	エイラ／GUMI
sm33769484	songs	sm33769484.json	..	..
sm41182046	songs	sm41182046.json	ちっぱいがいっぱい	ちっぱいがいっぱい / さたぱんP feat.初音ミク
sm14373519	songs	sm14373519.json	キミトセカイ	【初音ミク】キミトセカイ【オリジナル】
sm28331800	songs	sm28331800.json	現実ノンフィクション	現実ノンフィクション／MIRAISONIC feat.Fukase
sm36131300	songs	sm36131300.json	創造の破壊	「創造の破壊」初音ミク
sm16521014	songs	sm16521014.json	bouquet	「bouquet」 オリジナル曲 vo.初音ミク
sm41187415	songs	sm41187415.json	腐っても幸せ	結月ゆかり // 腐っても幸せ
sm41013731	songs	sm41013731.json	コア	コア / 初音ミク
sm38347082	songs	sm38347082.json	CLASH OUT	CLASH OUT ／ かぁくん feat. 初音ミク
sm39881925	songs	sm39881925.json	夜の自販機	夜の自販機 / 可不
sm2554563	songs	sm2554563.json	何かもう駄目なだんご大家族	何かもう駄目なだんご大家族
sm41173209	songs	sm41173209.json	没	​ᅠᅠᅠᅠᅠᅠ
sm32808001	songs	sm32808001.json	ロリータファッション	ロリータファッション／夢眠ネム
sm17172092	songs	sm17172092.json	Sweet Sweet Cendrillon Drug (無力Pアレンジ)	【巡音ルカ】 Sweet Sweet Cendrillon Drug 【uz×無力P】
nm3942209	songs	nm3942209.json	舎利禮文	【初音ミク】舎利禮文【オリジナル曲でお経カバー】
sm42574953	songs	sm42574953.json	∄ Nascence ∄	∄ Nascence ∄
sm24186428	songs	sm24186428.json	文学者の恋文	「文学者の恋文」 オリジナル曲 Vo.初音ミク
sm34922912	songs	sm34922912.json	君は不幸になれない	君は不幸になれない/初音ミク
sm31684772	songs	sm31684772.json	オノマペット	「オノマペット」 オリジナル曲 Vo.初音ミク
sm31738794	songs	sm31738794.json	君のいない世界には音も色もない	「君のいない世界には音も色もない」 MV 初音ミク
sm30022509	songs	sm30022509.json	アオイヒマワリ	アオイヒマワリ／MIRAISONIC feat.Fukase&鏡音レン
sm24822550	songs	sm24822550.json	あー	【鏡音レン】 あー 【オリジナル曲(MV)】（JOYSOUND配信中）
sm25764366	songs	sm25764366.json	泥の中の花	【初音ミク】泥の中の花【オリジナル】
sm32566384	songs	sm32566384.json	anywhere door	anywhere door / 初音ミク【MV】
sm36969360	songs	sm36969360.json	夜雨乞い	夜雨乞い / 翠蓮 feat.結月ゆかり【オリジナル】
sm26676702	songs	sm26676702.json	コペルニクス	「コペルニクス」 オリジナル曲 Vo.初音ミク
sm29378902	songs	sm29378902.json	私とジュリエット	「私とジュリエット」 オリジナル曲 Vo.初音ミク
sm41439327	songs	sm41439327.json	部屋に照らされた光	部屋に照らされた光 / 可不
sm37159162	songs	sm37159162.json	Lilisu	Lilisu／flower
sm39472906	songs	sm39472906.json	毒断情	毒断情 ／ かぁくん feat. 初音ミク
sm29905804	songs	sm29905804.json	君と僕のサンクチュアリィ	【初音ミク】君と僕のサンクチュアリィ【オリジナル】
sm34373465	songs	sm34373465.json	Love生き続けるエナジー	Ｌｏｖｅ生き続けるエナジー [ビデオ]
sm32276225	songs	sm32276225.json	ココロノカタチ	【夢眠ネム】ココロノカタチ【オリジナル】
sm41666484	songs	sm41666484.json	気まぐれアフェクション	気まぐれアフェクション / syare ft.初音ミク
sm34529505	songs	sm34529505.json	アイソテーゼ・ハートレス	アイソテーゼ・ハートレス / wyiroha feat.初音ミク&GUMI
sm35742878	songs	sm35742878.json	Cheering Swing!	【Electro Swing】Cheering Swing!【歌うボイスロイド】
sm33447908	songs	sm33447908.json	Moon!!	月ノ美兎イメージソング 「Moon!!」 Full Ver.
sm42575199	songs	sm42575199.json	百葉箱	百葉箱 / 初音ミク
sm34783861	songs	sm34783861.json	GO TO HELL!	GO TO HELL! - miku & rin
sm20385694	songs	sm20385694.json	櫻-Sakura-	【初音ミク】 櫻-Sakura- 【オリジナル】
sm36015175	songs	sm36015175.json	音沙汰	【OИE】音沙汰
sm36271857	songs	sm36271857.json	Penguin's Detour	Penguin's Detour / 初音ミク
sm42603880	songs	sm42603880.json	東京舞踊	東京舞踊 / 初音ミク
sm28441967	songs	sm28441967.json	過ぎし3月の君へ	「過ぎし3月の君へ」 オリジナル曲 Vo.初音ミク
sm39638338	songs	sm39638338.json	ネッコに顔を踏まれたい	【琴葉茜・葵（蕾）】ネッコに顔を踏まれたい【歌うA.I.VOICE】
sm40862114	songs	sm40862114.json	Caught At Last	Caught At Last (ついに捕まった)/DEX
sm26869818	songs	sm26869818.json	リフレクトノイズ	【結月ゆかり】-リフレクトノイズ-【オリジナル】
sm40880453	songs	sm40880453.json	キャラメルヘブン	キャラメルヘブン / 初音ミク・可不・闇音レンリ【花粉管】
sm42632149	songs	sm42632149.json	夏嵐と透明人間	夏嵐と透明人間 / feat.可不
sm39568709	songs	sm39568709.json	名前を呼ばないで	名前を呼ばないで / はかめ feat.可不
sm40854175	songs	sm40854175.json	Escape	Escape /feat.初音ミク 【オリジナル】
sm36332360	songs	sm36332360.json	わっ! のうた	わっ! のうた【歌うボイスロイド】
sm42986964	songs	sm42986964.json	雨とダンス	雨とダンス/ Re;TroK（リトロク） feat.初音ミク
sm21893513	songs	sm21893513.json	EdelWeiss	【初音ミク】EdelWeiss【オリジナル曲】
sm37680422	songs	sm37680422.json	俯瞰、愛を躍る	俯瞰、愛を躍る。ft.闇音レンリ
sm38623269	songs	sm38623269.json	Vanilla	Vanilla / 初音ミク
sm40258995	songs	sm40258995.json	歪なわけ、教えてあげる	歪なわけ、教えてあげる / ゐろは苹果
sm2059015	songs	sm2059015.json	バレンタインの	【鏡音リン、初音ミク、鏡音レン、KAITO】バレンタインの【オリジナル】
sm35486736	songs	sm35486736.json	水無月の通り雨	水無月の通り雨 / ゐろは苹果
sm43927988	songs	sm43927988.json	レイのつぶやき	レイのつぶやき / 足立レイ
sm39110310	songs	sm39110310.json	祭ル!!	祭ル!! / 鏡音リン MV
sm40854666	songs	sm40854666.json	アイスクリーム	アイスクリーム / Re;TroK（リトロク） feat.初音ミク【無色透名祭 参加作品】
sm12075172	songs	sm12075172.json	The Beast.	【初音ミク】 The Beast. 【オリジナル】
sm31739587	songs	sm31739587.json	スーサイドダンスにご用心	スーサイドダンスにご用心／flower
sm32716394	songs	sm32716394.json	コンプレックスアートを召上れ	コンプレックスアートを召上れ／flower
sm43005901	songs	sm43005901.json	アンサー	アンサー / 初音ミク
sm41953437	songs	sm41953437.json	luv drama	luv drama / 結月ゆかり･初音ミク
sm33631338	songs	sm33631338.json	Plum	Plum / 初音ミク【MV】
sm41714921	songs	sm41714921.json	ロストワールド	ロストワールド / かぁくん feat. 初音ミク
sm36589496	songs	sm36589496.json	ナイトメア・レイヴィーナス	 ‌ ‌
sm34663592	songs	sm34663592.json	深海列車はさよならを乗せて	深海列車はさよならを乗せて/初音ミク
sm35140931	songs	sm35140931.json	CRY MAX!!	【鏡音レン】CRY MAX!!【オリジナル】
sm13411290	songs	sm13411290.json	新世界へのプロローグ	初音ミク -新世界へのプロローグ- オリジナル
sm38188453	songs	sm38188453.json	ソドム	ソドム - flower
sm39474442	songs	sm39474442.json	Deep	Deep / 初音ミク
sm35718123	songs	sm35718123.json	蝶々溶解	蝶々溶解 / ゐろは苹果
sm39964985	songs	sm39964985.json	samidare	【UTAU / 花撫シア】daikonspiders「samidare」
sm32104110	songs	sm32104110.json	無・無・無	【鏡音レン】無・無・無【オリジナル楽曲】
sm21027040	songs	sm21027040.json	ユクエシレズ	【ユクエシレズ】うみろ feat.GUMI
nm7103480	songs	nm7103480.json	チルノのすうがく教室	【東方】 チルノのすうがく教室
sm32479792	songs	sm32479792.json	シャットダウン	【重音テト/初音ミク】シャットダウン 【オリジナル】
sm40846699	songs	sm40846699.json	東京地下鉄ラバー	東京地下鉄ラバー / feat.可不 【ヘッドフォンガール】
sm39985553	songs	sm39985553.json	シルシナータ	ㅤㅤㅤㅤㅤㅤㅤㅤㅤㅤシルシナータ
sm41781642	songs	sm41781642.json	サムナンビュリスト	サムナンビュリスト/初音ミク.feat takkann
sm39872532	songs	sm39872532.json	iris	【UTAU / セレスト】daikonspiders「iris」
so42900237	another_songs	so42900237.json	今日のずんだはみなごろし	今日のずんだはみなごろし / ずんだもん, 東北ずん子, 東北イタコ, 東北きりたん, 四国めたん, ナクモ
sm43583175	another_songs	sm43583175.json	夜もすがら君想ふ (10th Anniv.)	夜もすがら君想ふ (10th Anniv.) feat.GUMI SV
