row	song	artist.0	artist.1	artist.2	artist.3	artist.4	artist.5
4	うかぶ	なま					
10	ココロ・キセキ	zyun					
24	⚫️◎	原口沙輔など（無色透名祭III参加楽曲）					
55	一億年恋してる	いのうつはSA					
71	裏表ラマーズ	wowaka					
83	シアンブルー	ポリスピカデリー					
84	ファフロツキーズ	サツキ					
102	夢を重ねて。	Haniwa					
108	みィつけた！	夏山よつぎ					
110	まにまに 2025Edit	r-906					
120	未来	駒木 優					
122	或	世界電力					
123	ドッペルゲンガー	はるまきごはん					
134	魔法少女マジカルペイント	cosMo@暴走P					
138	ストリーミングダンサー	カンザキイオリ					
148	はたらく音声	シャノン					
151	アイディール・アイドール	ki-you					
175	ねぇ、きいてんの？	とまつなぎ（無色透名祭III参加楽曲）					
177	お金がない	れるりり					
187	きらいスキップ	夏山よつぎ					
204	きさらぎ駅	x0o0x_					
210	CRYONICS	AVTeckNO!					
211	ラストバトル	ジタバタP					
225	天堕-序章-	乙P					
226	ペトロクロスナイフ	Kris					
231	晩夏、終劇、花火の誓	baKe					
234	仇夜	青栗鼠					
237	Relight My Fire	みのがさしらん					
239	ラブチャー	駄菓子O型					
252	エメラルドになれない僕ら	夜さりにささめく					
255	馬鹿	syudyu					
258	罰して光	なきそ					
282	児童館	是					
288	重音テトはこんなパーティ二人で抜け出せるのか	あてらざわ					
298	Blue	蒼二才					
310	アリア	なちぴ					
316	ムリ。	桶屋					
326	デロスサントス	山本					
336	Invisible silence	sea-no					
341	スウィーツ☆大好きおじさん。	シャレオツP					
347	祈り(あるいは抒情詩)	Camelots					
350	ロンリーチャイルド	otetsu					
352	Freak Out Hr.	雄之助					
357	私が愛したゲイシャガール	kihirohito					
361	アストレア	ハプ（日向電凶）					
365	アリスちゃんとテレスくん	HaTa					
366	弱者のマーチ	えいぷ					
369	はいあんどろぉ	春浅葱					
394	Calling+a	mao sasagawa					
395	デミ空論	てらいと					
408	Future seeker	Nor					
409	でぶチャラ	SLAVE.V-V-R					
413	スパイラル・メロディーズ	Omoi					
415	アンビバレンスダンス	≒いずん					
416	ブレインロット	東京真中					
418	晩夏に咲く花	融覺					
422	俺にはできねえことばかり	ヘルニア					
435	バグハグ	nosono					
443	裏の裏	一二三					
456	紅一葉（初音ミクver）	黒うさP					
